#
# There is insufficient memory for the Java Runtime Environment to continue.
# Native memory allocation (mmap) failed to map 65536 bytes. Error detail: Failed to commit metaspace.
# Possible reasons:
#   The system is out of physical RAM or swap space
#   This process is running with CompressedOops enabled, and the Java Heap may be blocking the growth of the native heap
# Possible solutions:
#   Reduce memory load on the system
#   Increase physical memory or swap space
#   Check if swap backing store is full
#   Decrease Java heap size (-Xmx/-Xms)
#   Decrease number of Java threads
#   Decrease Java thread stack sizes (-Xss)
#   Set larger code cache with -XX:ReservedCodeCacheSize=
#   JVM is running with Zero Based Compressed Oops mode in which the Java heap is
#     placed in the first 32GB address space. The Java Heap base address is the
#     maximum limit for the native heap growth. Please use -XX:HeapBaseMinAddress
#     to set the Java Heap base and to place the Java Heap above 32GB virtual address.
# This output file may be truncated or incomplete.
#
#  Out of Memory Error (virtualSpaceNode.cpp:113), pid=118324, tid=124040
#
# JRE version: OpenJDK Runtime Environment (23.0.1+11) (build 23.0.1+11-39)
# Java VM: OpenJDK 64-Bit Server VM (23.0.1+11-39, mixed mode, emulated-client, sharing, tiered, compressed oops, compressed class ptrs, g1 gc, windows-amd64)
# No core dump will be written. Minidumps are not enabled by default on client versions of Windows
#

---------------  S U M M A R Y ------------

Command Line: -XX:TieredStopAtLevel=1 -Dspring.output.ansi.enabled=always -Dcom.sun.management.jmxremote -Dspring.jmx.enabled=true -Dspring.liveBeansView.mbeanDomain -Dspring.application.admin.enabled=true -Dmanagement.endpoints.jmx.exposure.include=* -javaagent:E:\Software\JetBrains\IntelliJ IDEA 2024.2.4\lib\idea_rt.jar=56092:E:\Software\JetBrains\IntelliJ IDEA 2024.2.4\bin -Dfile.encoding=UTF-8 -Dsun.stdout.encoding=UTF-8 -Dsun.stderr.encoding=UTF-8 com.fpoly.kickshop.KickShopApplication

Host: Intel(R) Core(TM) i7-9750H CPU @ 2.60GHz, 12 cores, 15G,  Windows 10 , 64 bit Build 19041 (10.0.19041.5438)
Time: Mon Mar 24 23:09:46 2025 SE Asia Standard Time elapsed time: 9.002798 seconds (0d 0h 0m 9s)

---------------  T H R E A D  ---------------

Current thread (0x000002064651e1f0):  JavaThread "restartedMain"        [_thread_in_vm, id=124040, stack(0x0000003ceb400000,0x0000003ceb500000) (1024K)]

Stack: [0x0000003ceb400000,0x0000003ceb500000]
Native frames: (J=compiled Java code, j=interpreted, Vv=VM code, C=native code)
V  [jvm.dll+0x6e08b9]  (no source info available)
V  [jvm.dll+0x87dc83]  (no source info available)
V  [jvm.dll+0x88010e]  (no source info available)
V  [jvm.dll+0x8807e3]  (no source info available)
V  [jvm.dll+0x27aee6]  (no source info available)
V  [jvm.dll+0x87988e]  (no source info available)
V  [jvm.dll+0x682035]  (no source info available)
V  [jvm.dll+0x1e09dc]  (no source info available)
V  [jvm.dll+0x1e07ae]  (no source info available)
V  [jvm.dll+0x684988]  (no source info available)
V  [jvm.dll+0x2219dc]  (no source info available)
V  [jvm.dll+0x682a4e]  (no source info available)
V  [jvm.dll+0x693c49]  (no source info available)
V  [jvm.dll+0x68cffe]  (no source info available)
V  [jvm.dll+0x3d26b1]  (no source info available)
C  0x0000020666d5bae0  (no source info available)

The last pc belongs to method entry point (kind = zerolocals) (printed below).
Java frames: (J=compiled Java code, j=interpreted, Vv=VM code)
j  net.bytebuddy.description.ByteCodeElement$Token$TokenList.get(I)Lnet/bytebuddy/description/ByteCodeElement$Token;+0
j  net.bytebuddy.description.ByteCodeElement$Token$TokenList.get(I)Ljava/lang/Object;+2
J 5377 c1 java.util.AbstractList$Itr.next()Ljava/lang/Object; java.base@23.0.1 (46 bytes) @ 0x00000206676b70d4 [0x00000206676b7060+0x0000000000000074]
j  net.bytebuddy.dynamic.scaffold.subclass.ConstructorStrategy$Default.extractConstructors(Lnet/bytebuddy/description/type/TypeDescription;)Ljava/util/List;+40
j  net.bytebuddy.dynamic.scaffold.subclass.SubclassDynamicTypeBuilder.applyConstructorStrategy(Lnet/bytebuddy/dynamic/scaffold/InstrumentedType;)Lnet/bytebuddy/dynamic/scaffold/InstrumentedType;+14
j  net.bytebuddy.dynamic.scaffold.subclass.SubclassDynamicTypeBuilder.toTypeWriter(Lnet/bytebuddy/pool/TypePool;)Lnet/bytebuddy/dynamic/scaffold/TypeWriter;+22
j  net.bytebuddy.dynamic.scaffold.subclass.SubclassDynamicTypeBuilder.toTypeWriter()Lnet/bytebuddy/dynamic/scaffold/TypeWriter;+4
j  net.bytebuddy.dynamic.DynamicType$Builder$AbstractBase$UsingTypeWriter.make(Lnet/bytebuddy/dynamic/TypeResolutionStrategy;)Lnet/bytebuddy/dynamic/DynamicType$Unloaded;+1
j  net.bytebuddy.dynamic.DynamicType$Builder$AbstractBase.make()Lnet/bytebuddy/dynamic/DynamicType$Unloaded;+4
j  org.hibernate.bytecode.internal.bytebuddy.ByteBuddyState.make(Lnet/bytebuddy/pool/TypePool;Lnet/bytebuddy/dynamic/DynamicType$Builder;)Lnet/bytebuddy/dynamic/DynamicType$Unloaded;+27
j  org.hibernate.bytecode.internal.bytebuddy.ByteBuddyState.make(Lnet/bytebuddy/dynamic/DynamicType$Builder;)Lnet/bytebuddy/dynamic/DynamicType$Unloaded;+3
j  org.hibernate.bytecode.internal.bytebuddy.ByteBuddyState$1.run()Ljava/lang/Class;+23
j  org.hibernate.bytecode.internal.bytebuddy.ByteBuddyState$1.run()Ljava/lang/Object;+1
j  org.hibernate.bytecode.internal.bytebuddy.ByteBuddyState.lambda$load$0(Ljava/util/function/Function;Ljava/lang/Class;)Ljava/lang/Class;+28
j  org.hibernate.bytecode.internal.bytebuddy.ByteBuddyState$$Lambda+0x0000020601843a98.call()Ljava/lang/Object;+12
j  net.bytebuddy.TypeCache.findOrInsert(Ljava/lang/ClassLoader;Ljava/lang/Object;Ljava/util/concurrent/Callable;)Ljava/lang/Class;+20
j  net.bytebuddy.TypeCache.findOrInsert(Ljava/lang/ClassLoader;Ljava/lang/Object;Ljava/util/concurrent/Callable;Ljava/lang/Object;)Ljava/lang/Class;+26
j  org.hibernate.bytecode.internal.bytebuddy.ByteBuddyState.load(Ljava/lang/Class;Lnet/bytebuddy/TypeCache;Lnet/bytebuddy/TypeCache$SimpleKey;Ljava/util/function/Function;)Ljava/lang/Class;+16
j  org.hibernate.bytecode.internal.bytebuddy.ByteBuddyState.loadProxy(Ljava/lang/Class;Lnet/bytebuddy/TypeCache$SimpleKey;Ljava/util/function/Function;)Ljava/lang/Class;+8
j  org.hibernate.proxy.pojo.bytebuddy.ByteBuddyProxyHelper.buildProxy(Ljava/lang/Class;[Ljava/lang/Class;)Ljava/lang/Class;+57
j  org.hibernate.proxy.pojo.bytebuddy.ByteBuddyProxyFactory.postInstantiate(Ljava/lang/String;Ljava/lang/Class;Ljava/util/Set;Ljava/lang/reflect/Method;Ljava/lang/reflect/Method;Lorg/hibernate/type/CompositeType;)V+55
j  org.hibernate.metamodel.internal.EntityRepresentationStrategyPojoStandard.createProxyFactory(Lorg/hibernate/mapping/PersistentClass;Lorg/hibernate/bytecode/spi/BytecodeProvider;Lorg/hibernate/metamodel/spi/RuntimeModelCreationContext;)Lorg/hibernate/proxy/ProxyFactory;+485
j  org.hibernate.metamodel.internal.EntityRepresentationStrategyPojoStandard.resolveProxyFactory(Lorg/hibernate/mapping/PersistentClass;Lorg/hibernate/persister/entity/EntityPersister;Lorg/hibernate/type/descriptor/java/JavaType;Lorg/hibernate/bytecode/spi/BytecodeProvider;Lorg/hibernate/metamodel/spi/RuntimeModelCreationContext;)Lorg/hibernate/proxy/ProxyFactory;+61
j  org.hibernate.metamodel.internal.EntityRepresentationStrategyPojoStandard.<init>(Lorg/hibernate/mapping/PersistentClass;Lorg/hibernate/persister/entity/EntityPersister;Lorg/hibernate/metamodel/spi/RuntimeModelCreationContext;)V+278
j  org.hibernate.metamodel.internal.ManagedTypeRepresentationResolverStandard.resolveStrategy(Lorg/hibernate/mapping/PersistentClass;Lorg/hibernate/persister/entity/EntityPersister;Lorg/hibernate/metamodel/spi/RuntimeModelCreationContext;)Lorg/hibernate/metamodel/spi/EntityRepresentationStrategy;+53
j  org.hibernate.persister.entity.AbstractEntityPersister.<init>(Lorg/hibernate/mapping/PersistentClass;Lorg/hibernate/cache/spi/access/EntityDataAccess;Lorg/hibernate/cache/spi/access/NaturalIdDataAccess;Lorg/hibernate/metamodel/spi/RuntimeModelCreationContext;)V+281
j  org.hibernate.persister.entity.SingleTableEntityPersister.<init>(Lorg/hibernate/mapping/PersistentClass;Lorg/hibernate/cache/spi/access/EntityDataAccess;Lorg/hibernate/cache/spi/access/NaturalIdDataAccess;Lorg/hibernate/metamodel/spi/RuntimeModelCreationContext;)V+6
J 5280 c1 java.lang.invoke.DirectMethodHandle$Holder.newInvokeSpecial(Ljava/lang/Object;Ljava/lang/Object;Ljava/lang/Object;Ljava/lang/Object;Ljava/lang/Object;)Ljava/lang/Object; java.base@23.0.1 (30 bytes) @ 0x00000206670a13b4 [0x00000206670a12c0+0x00000000000000f4]
j  java.lang.invoke.LambdaForm$MH+0x0000020601834c00.invoke(Ljava/lang/Object;Ljava/lang/Object;)Ljava/lang/Object;+122 java.base@23.0.1
j  java.lang.invoke.Invokers$Holder.invokeExact_MT(Ljava/lang/Object;Ljava/lang/Object;Ljava/lang/Object;)Ljava/lang/Object;+19 java.base@23.0.1
J 1062 c1 jdk.internal.reflect.DirectConstructorHandleAccessor.newInstance([Ljava/lang/Object;)Ljava/lang/Object; java.base@23.0.1 (130 bytes) @ 0x0000020667150c64 [0x0000020667150900+0x0000000000000364]
J 1061 c1 java.lang.reflect.Constructor.newInstanceWithCaller([Ljava/lang/Object;ZLjava/lang/Class;)Ljava/lang/Object; java.base@23.0.1 (51 bytes) @ 0x000002066714ea84 [0x000002066714e9c0+0x00000000000000c4]
J 1074 c1 java.lang.reflect.Constructor.newInstance([Ljava/lang/Object;)Ljava/lang/Object; java.base@23.0.1 (34 bytes) @ 0x0000020667153264 [0x00000206671531c0+0x00000000000000a4]
j  org.hibernate.persister.internal.PersisterFactoryImpl.createEntityPersister(Ljava/lang/Class;Lorg/hibernate/mapping/PersistentClass;Lorg/hibernate/cache/spi/access/EntityDataAccess;Lorg/hibernate/cache/spi/access/NaturalIdDataAccess;Lorg/hibernate/metamodel/spi/RuntimeModelCreationContext;)Lorg/hibernate/persister/entity/EntityPersister;+31
j  org.hibernate.persister.internal.PersisterFactoryImpl.createEntityPersister(Lorg/hibernate/mapping/PersistentClass;Lorg/hibernate/cache/spi/access/EntityDataAccess;Lorg/hibernate/cache/spi/access/NaturalIdDataAccess;Lorg/hibernate/metamodel/spi/RuntimeModelCreationContext;)Lorg/hibernate/persister/entity/EntityPersister;+31
j  org.hibernate.metamodel.model.domain.internal.MappingMetamodelImpl.processBootEntities(Ljava/util/Collection;Lorg/hibernate/cache/spi/CacheImplementor;Lorg/hibernate/persister/spi/PersisterFactory;Lorg/hibernate/metamodel/spi/RuntimeModelCreationContext;)V+76
j  org.hibernate.metamodel.model.domain.internal.MappingMetamodelImpl.finishInitialization(Lorg/hibernate/metamodel/spi/RuntimeModelCreationContext;)V+90
j  org.hibernate.internal.SessionFactoryImpl.initializeMappingModel(Lorg/hibernate/metamodel/model/domain/internal/MappingMetamodelImpl;Lorg/hibernate/boot/spi/BootstrapContext;Lorg/hibernate/boot/spi/MetadataImplementor;Lorg/hibernate/boot/spi/SessionFactoryOptions;)V+18
j  org.hibernate.internal.SessionFactoryImpl.<init>(Lorg/hibernate/boot/spi/MetadataImplementor;Lorg/hibernate/boot/spi/SessionFactoryOptions;Lorg/hibernate/boot/spi/BootstrapContext;)V+599
j  org.hibernate.boot.internal.SessionFactoryBuilderImpl.build()Lorg/hibernate/SessionFactory;+16
j  org.hibernate.jpa.boot.internal.EntityManagerFactoryBuilderImpl.build()Ljakarta/persistence/EntityManagerFactory;+22
j  org.springframework.orm.jpa.vendor.SpringHibernateJpaPersistenceProvider.createContainerEntityManagerFactory(Ljakarta/persistence/spi/PersistenceUnitInfo;Ljava/util/Map;)Ljakarta/persistence/EntityManagerFactory;+59
j  org.springframework.orm.jpa.LocalContainerEntityManagerFactoryBean.createNativeEntityManagerFactory()Ljakarta/persistence/EntityManagerFactory;+111
j  org.springframework.orm.jpa.AbstractEntityManagerFactoryBean.buildNativeEntityManagerFactory()Ljakarta/persistence/EntityManagerFactory;+1
j  org.springframework.orm.jpa.AbstractEntityManagerFactoryBean.afterPropertiesSet()V+192
j  org.springframework.orm.jpa.LocalContainerEntityManagerFactoryBean.afterPropertiesSet()V+81
j  org.springframework.beans.factory.support.AbstractAutowireCapableBeanFactory.invokeInitMethods(Ljava/lang/String;Ljava/lang/Object;Lorg/springframework/beans/factory/support/RootBeanDefinition;)V+56
j  org.springframework.beans.factory.support.AbstractAutowireCapableBeanFactory.initializeBean(Ljava/lang/String;Ljava/lang/Object;Lorg/springframework/beans/factory/support/RootBeanDefinition;)Ljava/lang/Object;+34
j  org.springframework.beans.factory.support.AbstractAutowireCapableBeanFactory.doCreateBean(Ljava/lang/String;Lorg/springframework/beans/factory/support/RootBeanDefinition;[Ljava/lang/Object;)Ljava/lang/Object;+228
j  org.springframework.beans.factory.support.AbstractAutowireCapableBeanFactory.createBean(Ljava/lang/String;Lorg/springframework/beans/factory/support/RootBeanDefinition;[Ljava/lang/Object;)Ljava/lang/Object;+153
j  org.springframework.beans.factory.support.AbstractBeanFactory.lambda$doGetBean$0(Ljava/lang/String;Lorg/springframework/beans/factory/support/RootBeanDefinition;[Ljava/lang/Object;)Ljava/lang/Object;+4
j  org.springframework.beans.factory.support.AbstractBeanFactory$$Lambda+0x0000020601295678.getObject()Ljava/lang/Object;+16
j  org.springframework.beans.factory.support.DefaultSingletonBeanRegistry.getSingleton(Ljava/lang/String;Lorg/springframework/beans/factory/ObjectFactory;)Ljava/lang/Object;+687
J 3575 c1 org.springframework.beans.factory.support.AbstractBeanFactory.doGetBean(Ljava/lang/String;Ljava/lang/Class;[Ljava/lang/Object;Z)Ljava/lang/Object; (787 bytes) @ 0x00000206674719e4 [0x0000020667471300+0x00000000000006e4]
J 3579 c1 org.springframework.beans.factory.support.AbstractBeanFactory.getBean(Ljava/lang/String;Ljava/lang/Class;)Ljava/lang/Object; (9 bytes) @ 0x000002066746b9f4 [0x000002066746b9a0+0x0000000000000054]
j  org.springframework.context.support.AbstractApplicationContext.finishBeanFactoryInitialization(Lorg/springframework/beans/factory/config/ConfigurableListableBeanFactory;)V+220
j  org.springframework.context.support.AbstractApplicationContext.refresh()V+94
j  org.springframework.boot.web.servlet.context.ServletWebServerApplicationContext.refresh()V+1
j  org.springframework.boot.SpringApplication.refresh(Lorg/springframework/context/ConfigurableApplicationContext;)V+1
j  org.springframework.boot.SpringApplication.refreshContext(Lorg/springframework/context/ConfigurableApplicationContext;)V+19
j  org.springframework.boot.SpringApplication.run([Ljava/lang/String;)Lorg/springframework/context/ConfigurableApplicationContext;+113
j  org.springframework.boot.SpringApplication.run([Ljava/lang/Class;[Ljava/lang/String;)Lorg/springframework/context/ConfigurableApplicationContext;+9
j  org.springframework.boot.SpringApplication.run(Ljava/lang/Class;[Ljava/lang/String;)Lorg/springframework/context/ConfigurableApplicationContext;+9
j  com.fpoly.kickshop.KickShopApplication.main([Ljava/lang/String;)V+3
j  java.lang.invoke.LambdaForm$DMH+0x0000020601004000.invokeStatic(Ljava/lang/Object;Ljava/lang/Object;)V+10 java.base@23.0.1
j  java.lang.invoke.LambdaForm$MH+0x000002060113d000.invoke(Ljava/lang/Object;Ljava/lang/Object;Ljava/lang/Object;)Ljava/lang/Object;+33 java.base@23.0.1
j  java.lang.invoke.Invokers$Holder.invokeExact_MT(Ljava/lang/Object;Ljava/lang/Object;Ljava/lang/Object;Ljava/lang/Object;)Ljava/lang/Object;+20 java.base@23.0.1
j  jdk.internal.reflect.DirectMethodHandleAccessor.invokeImpl(Ljava/lang/Object;[Ljava/lang/Object;)Ljava/lang/Object;+55 java.base@23.0.1
j  jdk.internal.reflect.DirectMethodHandleAccessor.invoke(Ljava/lang/Object;[Ljava/lang/Object;)Ljava/lang/Object;+23 java.base@23.0.1
j  java.lang.reflect.Method.invoke(Ljava/lang/Object;[Ljava/lang/Object;)Ljava/lang/Object;+102 java.base@23.0.1
j  org.springframework.boot.devtools.restart.RestartLauncher.run()V+47
v  ~StubRoutines::call_stub 0x0000020666d50fcd
Lock stack of current Java thread (top to bottom):

method entry point (kind = zerolocals)  [0x0000020666d5b9e0, 0x0000020666d5bcd0]  752 bytes
[MachCode]
  0x0000020666d5b9e0: 488b 5308 | 0fb7 4a2e | 0fb7 522c | 2bd1 81fa | f501 0000 | 0f86 2500 | 0000 488b | c248 c1e0 
  0x0000020666d5ba00: 0348 83c0 | 5849 0387 | d004 0000 | 483b e00f | 870a 0000 | 0058 498b | e550 e9c1 | abff ff58 
  0x0000020666d5ba20: 4c8d 74cc | f885 d20f | 8e09 0000 | 0068 0000 | 0000 ffca | 7ff7 5055 | 488b ec41 | 5568 0000 
  0x0000020666d5ba40: 0000 4c8b | 6b08 4d8d | 6d38 5348 | 8b53 0848 | 8b52 0848 | 8b52 1848 | 8b52 7048 | 8b12 5268 
  0x0000020666d5ba60: 0000 0000 | 488b 5308 | 488b 5208 | 488b 5210 | 5249 8bc6 | 482b c548 | c1e8 0350 | 4155 68f7 
  0x0000020666d5ba80: ffff ff41 | c687 7104 | 0000 0148 | 8b43 1848 | 85c0 0f85 | b000 0000 | e805 0000 | 00e9 9900 
  0x0000020666d5baa0: 0000 488b | d348 8d44 | 2408 4c89 | 6dc0 498b | cfc5 f877 | 4989 afb0 | 0300 0049 | 8987 a003 
  0x0000020666d5bac0: 0000 4883 | ec20 40f6 | c40f 0f84 | 1900 0000 | 4883 ec08 | 48b8 9026 | 8413 ff7f | 0000 ffd0 
  0x0000020666d5bae0: 4883 c408 | e90c 0000 | 0048 b890 | 2684 13ff | 7f00 00ff | d048 83c4 | 2049 c787 | a003 0000 
  0x0000020666d5bb00: 0000 0000 | 49c7 87b0 | 0300 0000 | 0000 0049 | c787 a803 | 0000 0000 | 0000 c5f8 | 7749 837f 
  0x0000020666d5bb20: 0800 0f84 | 0500 0000 | e993 53ff | ff4c 8b6d | c04c 8b75 | c84e 8d74 | f500 c348 | 8b43 1848 
  0x0000020666d5bb40: 85c0 0f84 | 1200 0000 | 8b48 0883 | c102 8948 | 0823 481c | 0f84 c200 | 0000 493b | a7e8 0400 
  0x0000020666d5bb60: 000f 8748 | 0000 0089 | 8424 00f0 | ffff 8984 | 2400 e0ff | ff89 8424 | 00d0 ffff | 8984 2400 
  0x0000020666d5bb80: c0ff ff89 | 8424 00b0 | ffff 8984 | 2400 a0ff | ff89 8424 | 0090 ffff | 8984 2400 | 80ff ff49 
  0x0000020666d5bba0: 3ba7 e004 | 0000 7607 | 4989 a7e8 | 0400 0041 | c687 7104 | 0000 0049 | ba41 ad0b | 14ff 7f00 
  0x0000020666d5bbc0: 0041 803a | 000f 843e | 0000 0048 | 8b55 e849 | 8bcf 4883 | ec20 40f6 | c40f 0f84 | 1900 0000 
  0x0000020666d5bbe0: 4883 ec08 | 48b8 10ee | bb13 ff7f | 0000 ffd0 | 4883 c408 | e90c 0000 | 0048 b810 | eebb 13ff 
  0x0000020666d5bc00: 7f00 00ff | d048 83c4 | 2041 0fb6 | 5d00 49ba | 507e 0f14 | ff7f 0000 | 41ff 24da | ba00 0000 
  0x0000020666d5bc20: 00e8 0500 | 0000 e996 | 0000 0048 | 8d44 2408 | 4c89 6dc0 | 498b cfc5 | f877 4989 | afb0 0300 
  0x0000020666d5bc40: 0049 8987 | a003 0000 | 4883 ec20 | 40f6 c40f | 0f84 1900 | 0000 4883 | ec08 48b8 | a031 8413 
  0x0000020666d5bc60: ff7f 0000 | ffd0 4883 | c408 e90c | 0000 0048 | b8a0 3184 | 13ff 7f00 | 00ff d048 | 83c4 2049 
  0x0000020666d5bc80: c787 a003 | 0000 0000 | 0000 49c7 | 87b0 0300 | 0000 0000 | 0049 c787 | a803 0000 | 0000 0000 
  0x0000020666d5bca0: c5f8 7749 | 837f 0800 | 0f84 0500 | 0000 e90d | 52ff ff4c | 8b6d c04c | 8b75 c84e | 8d74 f500 
  0x0000020666d5bcc0: c348 8b5d | e8e9 90fe | ffff 660f | 1f44 0000 
[/MachCode]

Compiled method (c1) 9039 5377   !   1       java.util.AbstractList$Itr::next (46 bytes)
 total in heap  [0x00000206676b6f08,0x00000206676b73d0] = 1224
 relocation     [0x00000206676b6fe0,0x00000206676b7058] = 120
 main code      [0x00000206676b7060,0x00000206676b7348] = 744
 stub code      [0x00000206676b7348,0x00000206676b73c0] = 120
 metadata       [0x00000206676b73c0,0x00000206676b73d0] = 16
 immutable data [0x00000206482d7250,0x00000206482d7408] = 440
 dependencies   [0x00000206482d7250,0x00000206482d7258] = 8
 nul chk table  [0x00000206482d7258,0x00000206482d7288] = 48
 handler table  [0x00000206482d7288,0x00000206482d72a0] = 24
 scopes pcs     [0x00000206482d72a0,0x00000206482d7380] = 224
 scopes data    [0x00000206482d7380,0x00000206482d7408] = 136

[Constant Pool (empty)]

[MachCode]
[Instructions begin]
  0x00000206676b7060: 6666 660f | 1f84 0000 | 0000 0066 | 6666 9066 | 6690 448b | 5208 443b 

  0x00000206676b7078: ;   {runtime_call ic_miss_stub}
  0x00000206676b7078: 5008 0f85 | 6074 6eff 
[Verified Entry Point]
  0x00000206676b7080: 8984 2400 | 80ff ff55 | 4883 ec70 | 4181 7f20 | 0500 0000 

  0x00000206676b7094: ;   {runtime_call StubRoutines (final stubs)}
  0x00000206676b7094: 7405 e8a5 | 066d ff48 | 8954 2438 | 8b72 1848 | c1e6 0344 | 8b46 0c8b | 7a14 443b | c70f 858f 
  0x00000206676b70b4: 0100 008b | 7a0c 4c8b | c748 8bd6 | 897c 2440 | 9048 b800 | 2918 4806 

  0x00000206676b70cc: ;   {virtual_call}
  0x00000206676b70cc: 0200 00e8 

  0x00000206676b70d0: ; ImmutableOopMap {[56]=Oop }
                      ;*invokevirtual get {reexecute=0 rethrow=0 return_oop=0}
                      ; - java.util.AbstractList$Itr::next@14 (line 373)
  0x00000206676b70d0: 2ce8 c4ff 

  0x00000206676b70d4: ;   {other}
  0x00000206676b70d4: 0f1f 8400 | cc01 0000 | 488b 5424 | 388b 7c24 | 4089 7a10 | ffc7 897a | 0c48 83c4 

  0x00000206676b70f0: ;   {poll_return}
  0x00000206676b70f0: 705d 493b | a748 0400 | 000f 87d4 | 0100 00c3 | 488b 5424 | 3849 8b87 | 0005 0000 | 4d33 d24d 
  0x00000206676b7110: 8997 0005 | 0000 4d33 | d24d 8997 | 0805 0000 | 8b72 1848 | c1e6 038b | 760c 8b52 | 143b f20f 
  0x00000206676b7130: 8489 0000 | 0048 8944 

  0x00000206676b7138: ;   {metadata('java/util/ConcurrentModificationException')}
  0x00000206676b7138: 2450 48ba | 90c9 0f01 | 0602 0000 

  0x00000206676b7144: ; implicit exception: dispatches to 0x00000206676b72ee
  0x00000206676b7144: 80ba 3101 | 0000 040f | 85a2 0100 | 0049 8b87 | b801 0000 | 488d 7828 | 493b bfc8 | 0100 000f 
  0x00000206676b7164: 878a 0100 | 0049 89bf | b801 0000 | 48c7 0001 | 0000 0048 | 8bca 49ba | 0000 0000 | 0602 0000 
  0x00000206676b7184: 492b ca89 | 4808 4833 | c989 480c | 4833 c948 | 8948 1048 | 8948 1848 | 8948 2048 | 8bd0 4889 
  0x00000206676b71a4: ;   {optimized virtual_call}
  0x00000206676b71a4: 4424 48e8 

  0x00000206676b71a8: ; ImmutableOopMap {[72]=Oop [80]=Oop }
                      ;*invokespecial <init> {reexecute=0 rethrow=0 return_oop=0}
                      ; - java.util.AbstractList$Itr::checkForComodification@18 (line 401)
                      ; - java.util.AbstractList$Itr::next@34 (line 378)
  0x00000206676b71a8: 3476 6eff 

  0x00000206676b71ac: ;   {other}
  0x00000206676b71ac: 0f1f 8400 | a402 0001 | 488b 4424 | 48e9 8001 | 0000 4c8b 

  0x00000206676b71c0: ;   {metadata('java/util/NoSuchElementException')}
  0x00000206676b71c0: c048 ba28 | cb0e 0106 | 0200 0080 | ba31 0100 | 0004 0f85 | 2d01 0000 | 498b 87b8 | 0100 0048 
  0x00000206676b71e0: 8d78 2849 | 3bbf c801 | 0000 0f87 | 1501 0000 | 4989 bfb8 | 0100 0048 | c700 0100 | 0000 488b 
  0x00000206676b7200: ca49 ba00 | 0000 0006 | 0200 0049 | 2bca 8948 | 0848 33c9 | 8948 0c48 | 33c9 4889 | 4810 4889 
  0x00000206676b7220: 4818 4889 | 4820 488b | d048 8944 

  0x00000206676b722c: ;   {optimized virtual_call}
  0x00000206676b722c: 2458 90e8 

  0x00000206676b7230: ; ImmutableOopMap {[88]=Oop }
                      ;*invokespecial <init> {reexecute=0 rethrow=0 return_oop=0}
                      ; - java.util.AbstractList$Itr::next@42 (line 379)
  0x00000206676b7230: ac75 6eff 

  0x00000206676b7234: ;   {other}
  0x00000206676b7234: 0f1f 8400 | 2c03 0002 | 488b 4424 | 58e9 f800 

  0x00000206676b7244: ;   {metadata('java/util/ConcurrentModificationException')}
  0x00000206676b7244: 0000 48ba | 90c9 0f01 | 0602 0000 

  0x00000206676b7250: ; implicit exception: dispatches to 0x00000206676b7312
  0x00000206676b7250: 80ba 3101 | 0000 040f | 85ba 0000 | 0049 8b87 | b801 0000 | 488d 7828 | 493b bfc8 | 0100 000f 
  0x00000206676b7270: 87a2 0000 | 0049 89bf | b801 0000 | 48c7 0001 | 0000 0048 | 8bca 49ba | 0000 0000 | 0602 0000 
  0x00000206676b7290: 492b ca89 | 4808 4833 | c989 480c | 4833 c948 | 8948 1048 | 8948 1848 | 8948 2048 | 8bd0 4889 
  0x00000206676b72b0: 4424 600f 

  0x00000206676b72b4: ;   {optimized virtual_call}
  0x00000206676b72b4: 1f40 00e8 

  0x00000206676b72b8: ; ImmutableOopMap {[56]=Oop [96]=Oop }
                      ;*invokespecial <init> {reexecute=0 rethrow=0 return_oop=0}
                      ; - java.util.AbstractList$Itr::checkForComodification@18 (line 401)
                      ; - java.util.AbstractList$Itr::next@1 (line 370)
  0x00000206676b72b8: 2475 6eff 

  0x00000206676b72bc: ;   {other}
  0x00000206676b72bc: 0f1f 8400 | b403 0003 | 488b 4424 | 60e9 7000 

  0x00000206676b72cc: ;   {runtime_call throw_null_pointer_exception Runtime1 stub}
  0x00000206676b72cc: 0000 e80d 

  0x00000206676b72d0: ; ImmutableOopMap {rdx=Oop rsi=Oop [56]=Oop }
                      ;*getfield modCount {reexecute=1 rethrow=0 return_oop=0}
                      ; - (reexecute) java.util.AbstractList$Itr::checkForComodification@4 (line 400)
                      ; - java.util.AbstractList$Itr::next@1 (line 370)
                      ;   {internal_word}
  0x00000206676b72d0: 6279 ff49 | baf2 706b | 6706 0200 | 004d 8997 | 6004 0000 

  0x00000206676b72e4: ;   {runtime_call SafepointBlob}
  0x00000206676b72e4: e9f7 e06e 

  0x00000206676b72e8: ;   {runtime_call throw_null_pointer_exception Runtime1 stub}
  0x00000206676b72e8: ffe8 f261 

  0x00000206676b72ec: ; ImmutableOopMap {rdx=Oop rax=Oop [56]=Oop }
                      ;*getfield modCount {reexecute=1 rethrow=0 return_oop=0}
                      ; - (reexecute) java.util.AbstractList$Itr::checkForComodification@4 (line 400)
                      ; - java.util.AbstractList$Itr::next@34 (line 378)
                      ;   {runtime_call throw_null_pointer_exception Runtime1 stub}
  0x00000206676b72ec: 79ff e8ed 

  0x00000206676b72f0: ; ImmutableOopMap {[80]=Oop }
                      ;*new {reexecute=0 rethrow=0 return_oop=0}
                      ; - java.util.AbstractList$Itr::checkForComodification@14 (line 401)
                      ; - java.util.AbstractList$Itr::next@34 (line 378)
  0x00000206676b72f0: 6179 ff48 

  0x00000206676b72f4: ;   {runtime_call fast_new_instance_init_check Runtime1 stub}
  0x00000206676b72f4: 8bd2 e8e5 

  0x00000206676b72f8: ; ImmutableOopMap {[80]=Oop }
                      ;*new {reexecute=0 rethrow=0 return_oop=0}
                      ; - java.util.AbstractList$Itr::checkForComodification@14 (line 401)
                      ; - java.util.AbstractList$Itr::next@34 (line 378)
  0x00000206676b72f8: 6d79 ffe9 | 9ffe ffff 

  0x00000206676b7300: ;   {runtime_call throw_null_pointer_exception Runtime1 stub}
  0x00000206676b7300: e8db 6179 

  0x00000206676b7304: ; ImmutableOopMap {r8=Oop }
                      ;*new {reexecute=0 rethrow=0 return_oop=0}
                      ; - java.util.AbstractList$Itr::next@37 (line 379)
  0x00000206676b7304: ff48 8bd2 

  0x00000206676b7308: ;   {runtime_call fast_new_instance_init_check Runtime1 stub}
  0x00000206676b7308: e8d3 6d79 

  0x00000206676b730c: ; ImmutableOopMap {r8=Oop }
                      ;*new {reexecute=0 rethrow=0 return_oop=0}
                      ; - java.util.AbstractList$Itr::next@37 (line 379)
  0x00000206676b730c: ffe9 14ff 

  0x00000206676b7310: ;   {runtime_call throw_null_pointer_exception Runtime1 stub}
  0x00000206676b7310: ffff e8c9 

  0x00000206676b7314: ; ImmutableOopMap {[56]=Oop }
                      ;*new {reexecute=0 rethrow=0 return_oop=0}
                      ; - java.util.AbstractList$Itr::checkForComodification@14 (line 401)
                      ; - java.util.AbstractList$Itr::next@1 (line 370)
  0x00000206676b7314: 6179 ff48 

  0x00000206676b7318: ;   {runtime_call fast_new_instance_init_check Runtime1 stub}
  0x00000206676b7318: 8bd2 e8c1 

  0x00000206676b731c: ; ImmutableOopMap {[56]=Oop }
                      ;*new {reexecute=0 rethrow=0 return_oop=0}
                      ; - java.util.AbstractList$Itr::checkForComodification@14 (line 401)
                      ; - java.util.AbstractList$Itr::next@1 (line 370)
  0x00000206676b731c: 6d79 ffeb | 8a49 8b87 | 0005 0000 | 49c7 8700 | 0500 0000 | 0000 0049 | c787 0805 | 0000 0000 
  0x00000206676b733c: 0000 4883 

  0x00000206676b7340: ;   {runtime_call unwind_exception Runtime1 stub}
  0x00000206676b7340: c470 5de9 | 9852 79ff 
[Stub Code]
  0x00000206676b7348: ;   {no_reloc}
  0x00000206676b7348: 0f1f 4400 

  0x00000206676b734c: ;   {static_stub}
  0x00000206676b734c: 0048 bb00 | 0000 0000 

  0x00000206676b7354: ;   {runtime_call nmethod}
  0x00000206676b7354: 0000 00e9 | fbff ffff 

  0x00000206676b735c: ;   {static_stub}
  0x00000206676b735c: 9048 bb00 | 0000 0000 

  0x00000206676b7364: ;   {runtime_call nmethod}
  0x00000206676b7364: 0000 00e9 | fbff ffff 

  0x00000206676b736c: ;   {static_stub}
  0x00000206676b736c: 9048 bb00 | 0000 0000 

  0x00000206676b7374: ;   {runtime_call nmethod}
  0x00000206676b7374: 0000 00e9 | fbff ffff 

  0x00000206676b737c: ;   {static_stub}
  0x00000206676b737c: 9048 bb00 | 0000 0000 

  0x00000206676b7384: ;   {runtime_call nmethod}
  0x00000206676b7384: 0000 00e9 | fbff ffff 
[Exception Handler]
  0x00000206676b738c: ;   {runtime_call handle_exception_from_callee Runtime1 stub}
  0x00000206676b738c: e84f 8879 

  0x00000206676b7390: ;   {external_word}
  0x00000206676b7390: ff48 b930 | d5e3 13ff | 7f00 0048 

  0x00000206676b739c: ;   {runtime_call}
  0x00000206676b739c: 83e4 f048 | b870 4aaa | 13ff 7f00 | 00ff d0f4 
[Deopt Handler Code]
  0x00000206676b73ac: ;   {section_word}
  0x00000206676b73ac: 49ba ac73 | 6b67 0602 | 0000 4152 

  0x00000206676b73b8: ;   {runtime_call DeoptimizationBlob}
  0x00000206676b73b8: e9c3 d26e | fff4 f4f4 
[/MachCode]


Compiled method (c1) 9050 5280       1       java.lang.invoke.DirectMethodHandle$Holder::newInvokeSpecial (30 bytes)
 total in heap  [0x00000206670a1188,0x00000206670a14b0] = 808
 relocation     [0x00000206670a1260,0x00000206670a12b8] = 88
 main code      [0x00000206670a12c0,0x00000206670a1438] = 376
 stub code      [0x00000206670a1438,0x00000206670a1498] = 96
 metadata       [0x00000206670a1498,0x00000206670a14b0] = 24
 immutable data [0x00000206478633e0,0x0000020647863508] = 296
 dependencies   [0x00000206478633e0,0x00000206478633e8] = 8
 nul chk table  [0x00000206478633e8,0x0000020647863400] = 24
 scopes pcs     [0x0000020647863400,0x0000020647863480] = 128
 scopes data    [0x0000020647863480,0x0000020647863508] = 136

[Constant Pool (empty)]

[MachCode]
[Verified Entry Point]
  # {method} {0x00000206001e4aa8} 'newInvokeSpecial' '(Ljava/lang/Object;Ljava/lang/Object;Ljava/lang/Object;Ljava/lang/Object;Ljava/lang/Object;)Ljava/lang/Object;' in 'java/lang/invoke/DirectMethodHandle$Holder'
  # parm0:    rdx:rdx   = 'java/lang/Object'
  # parm1:    r8:r8     = 'java/lang/Object'
  # parm2:    r9:r9     = 'java/lang/Object'
  # parm3:    rdi:rdi   = 'java/lang/Object'
  # parm4:    rsi:rsi   = 'java/lang/Object'
  #           [sp+0xa0]  (sp of caller)
  0x00000206670a12c0: 8984 2400 | 80ff ff55 | 4881 ec90 | 0000 0090 | 4181 7f20 | 0500 0000 

  0x00000206670a12d8: ;   {runtime_call StubRoutines (final stubs)}
  0x00000206670a12d8: 7405 e861 | 64ce ff48 | 8974 2470 | 4889 7c24 | 684c 894c | 2460 4c89 | 4424 5848 | 85d2 0f84 
  0x00000206670a12f8: 2800 0000 

  0x00000206670a12fc: ;   {metadata('java/lang/invoke/DirectMethodHandle$Constructor')}
  0x00000206670a12fc: 49bb a0be | 2500 0602 | 0000 8b42 | 0849 ba00 | 0000 0006 | 0200 0049 | 03c2 4c3b | d80f 85b8 
  0x00000206670a131c: 0000 00e9 | 0000 0000 | 488b da8b | 5b28 48c1 | e303 4c8b | c348 8954 

  0x00000206670a1334: ;   {oop(a 'jdk/internal/misc/Unsafe'{0x0000000702dfb070})}
  0x00000206670a1334: 2450 48ba | 70b0 df02 | 0700 0000 | 0f1f 8000 

  0x00000206670a1344: ;   {optimized virtual_call}
  0x00000206670a1344: 0000 00e8 

  0x00000206670a1348: ; ImmutableOopMap {[80]=Oop [88]=Oop [96]=Oop [104]=Oop [112]=Oop }
                      ;*invokevirtual allocateInstance {reexecute=0 rethrow=0 return_oop=0}
                      ; - java.lang.invoke.DirectMethodHandle::allocateInstance@12 (line 500)
                      ; - java.lang.invoke.DirectMethodHandle$Holder::newInvokeSpecial@1
  0x00000206670a1348: 64e0 0600 

  0x00000206670a134c: ;   {other}
  0x00000206670a134c: 0f1f 8400 | c401 0000 | 488b 5424 | 5048 85d2 | 0f84 2900 

  0x00000206670a1360: ;   {metadata('java/lang/invoke/DirectMethodHandle$Constructor')}
  0x00000206670a1360: 0000 48bf | a0be 2500 | 0602 0000 | 448b 4208 | 49ba 0000 | 0000 0602 | 0000 4d03 | c249 3bf8 
  0x00000206670a1380: 0f85 5f00 | 0000 e900 | 0000 008b | 4a24 48c1 | e103 488b | d04c 8b44 | 2458 4c8b | 4c24 6048 
  0x00000206670a13a0: 8b7c 2468 | 488b 7424 | 7048 8944 

  0x00000206670a13ac: ;   {static_call}
  0x00000206670a13ac: 2478 90e8 

  0x00000206670a13b0: ; ImmutableOopMap {[120]=Oop }
                      ;*invokestatic linkToSpecial {reexecute=0 rethrow=0 return_oop=0}
                      ; - java.lang.invoke.DirectMethodHandle$Holder::newInvokeSpecial@24
  0x00000206670a13b0: 4cbf 0500 

  0x00000206670a13b4: ;   {other}
  0x00000206670a13b4: 0f1f 8400 | 2c02 0001 | 488b 4424 | 7848 81c4 | 9000 0000 

  0x00000206670a13c8: ;   {poll_return}
  0x00000206670a13c8: 5d49 3ba7 | 4804 0000 | 0f87 1d00 | 0000 c348 

  0x00000206670a13d8: ;   {runtime_call throw_class_cast_exception Runtime1 stub}
  0x00000206670a13d8: 8914 24e8 

  0x00000206670a13dc: ; ImmutableOopMap {rdx=Oop [88]=Oop [96]=Oop [104]=Oop [112]=Oop }
                      ;*checkcast {reexecute=0 rethrow=0 return_oop=0}
                      ; - java.lang.invoke.DirectMethodHandle::allocateInstance@1 (line 499)
                      ; - java.lang.invoke.DirectMethodHandle$Holder::newInvokeSpecial@1
  0x00000206670a13dc: 00ee daff 

  0x00000206670a13e0: ;   {runtime_call throw_null_pointer_exception Runtime1 stub}
  0x00000206670a13e0: e8fb c0da 

  0x00000206670a13e4: ; ImmutableOopMap {rdx=Oop [88]=Oop [96]=Oop [104]=Oop [112]=Oop }
                      ;*getfield instanceClass {reexecute=1 rethrow=0 return_oop=0}
                      ; - (reexecute) java.lang.invoke.DirectMethodHandle::allocateInstance@9 (line 500)
                      ; - java.lang.invoke.DirectMethodHandle$Holder::newInvokeSpecial@1
  0x00000206670a13e4: ff48 8914 

  0x00000206670a13e8: ;   {runtime_call throw_class_cast_exception Runtime1 stub}
  0x00000206670a13e8: 24e8 f2ed 

  0x00000206670a13ec: ; ImmutableOopMap {rax=Oop [88]=Oop [96]=Oop [104]=Oop [112]=Oop }
                      ;*checkcast {reexecute=0 rethrow=0 return_oop=0}
                      ; - java.lang.invoke.DirectMethodHandle::constructorMethod@1 (line 493)
                      ; - java.lang.invoke.DirectMethodHandle$Holder::newInvokeSpecial@7
                      ;   {runtime_call throw_null_pointer_exception Runtime1 stub}
  0x00000206670a13ec: daff e8ed 

  0x00000206670a13f0: ; ImmutableOopMap {rax=Oop [88]=Oop [96]=Oop [104]=Oop [112]=Oop }
                      ;*getfield initMethod {reexecute=1 rethrow=0 return_oop=0}
                      ; - (reexecute) java.lang.invoke.DirectMethodHandle::constructorMethod@6 (line 494)
                      ; - java.lang.invoke.DirectMethodHandle$Holder::newInvokeSpecial@7
                      ;   {internal_word}
  0x00000206670a13f0: c0da ff49 | bac9 130a | 6706 0200 | 004d 8997 | 6004 0000 

  0x00000206670a1404: ;   {runtime_call SafepointBlob}
  0x00000206670a1404: e9d7 3fd0 | ff49 8b87 | 0005 0000 | 49c7 8700 | 0500 0000 | 0000 0049 | c787 0805 | 0000 0000 
  0x00000206670a1424: 0000 4881 | c490 0000 

  0x00000206670a142c: ;   {runtime_call unwind_exception Runtime1 stub}
  0x00000206670a142c: 005d e9ad | b1da fff4 | f4f4 f4f4 
[Stub Code]
  0x00000206670a1438: ;   {no_reloc}
  0x00000206670a1438: 48bb 0000 | 0000 0000 

  0x00000206670a1440: ;   {runtime_call nmethod}
  0x00000206670a1440: 0000 e9fb 

  0x00000206670a1444: ;   {static_stub}
  0x00000206670a1444: ffff ff48 | bb00 0000 | 0000 0000 

  0x00000206670a1450: ;   {runtime_call nmethod}
  0x00000206670a1450: 00e9 fbff 

  0x00000206670a1454: ;   {runtime_call handle_exception_from_callee Runtime1 stub}
  0x00000206670a1454: ffff e885 

  0x00000206670a1458: ;   {external_word}
  0x00000206670a1458: e7da ff48 | b930 d5e3 | 13ff 7f00 | 0048 83e4 

  0x00000206670a1468: ;   {runtime_call}
  0x00000206670a1468: f048 b870 | 4aaa 13ff | 7f00 00ff 

  0x00000206670a1474: ;   {section_word}
  0x00000206670a1474: d0f4 49ba | 7614 0a67 | 0602 0000 

  0x00000206670a1480: ;   {runtime_call DeoptimizationBlob}
  0x00000206670a1480: 4152 e9f9 

  0x00000206670a1484: ;   {section_word}
  0x00000206670a1484: 31d0 ff49 | ba87 140a | 6706 0200 

  0x00000206670a1490: ;   {runtime_call DeoptimizationBlob}
  0x00000206670a1490: 0041 52e9 | e831 d0ff 
[/MachCode]


---------------  P R O C E S S  ---------------

Threads class SMR info:
_java_thread_list=0x000002064627f650, length=27, elements={
0x000002065e631f40, 0x0000020671e8c800, 0x0000020671e8d8d0, 0x0000020671e91a70,
0x0000020671e937f0, 0x0000020671e949f0, 0x0000020671e99270, 0x0000020671ea08b0,
0x0000020671e97ec0, 0x000002064515a890, 0x0000020645343d30, 0x000002064534d680,
0x0000020671e98550, 0x0000020671e97830, 0x0000020671e95df0, 0x0000020671e96480,
0x0000020671e98be0, 0x0000020671e96b10, 0x000002064651ba90, 0x000002064651e1f0,
0x000002064651a6e0, 0x000002064651ef10, 0x000002064651f5a0, 0x000002064651a050,
0x000002064651b400, 0x000002064651c120, 0x000002064651c7b0
}

Java Threads: ( => current thread )
  0x000002065e631f40 JavaThread "main"                              [_thread_blocked, id=100732, stack(0x0000003ce9100000,0x0000003ce9200000) (1024K)]
  0x0000020671e8c800 JavaThread "Reference Handler"          daemon [_thread_blocked, id=103564, stack(0x0000003ce9900000,0x0000003ce9a00000) (1024K)]
  0x0000020671e8d8d0 JavaThread "Finalizer"                  daemon [_thread_blocked, id=126124, stack(0x0000003ce9a00000,0x0000003ce9b00000) (1024K)]
  0x0000020671e91a70 JavaThread "Signal Dispatcher"          daemon [_thread_blocked, id=129812, stack(0x0000003ce9b00000,0x0000003ce9c00000) (1024K)]
  0x0000020671e937f0 JavaThread "Attach Listener"            daemon [_thread_blocked, id=121396, stack(0x0000003ce9c00000,0x0000003ce9d00000) (1024K)]
  0x0000020671e949f0 JavaThread "Service Thread"             daemon [_thread_blocked, id=60092, stack(0x0000003ce9d00000,0x0000003ce9e00000) (1024K)]
  0x0000020671e99270 JavaThread "Monitor Deflation Thread"   daemon [_thread_blocked, id=105056, stack(0x0000003ce9e00000,0x0000003ce9f00000) (1024K)]
  0x0000020671ea08b0 JavaThread "C1 CompilerThread0"         daemon [_thread_blocked, id=104480, stack(0x0000003ce9f00000,0x0000003cea000000) (1024K)]
  0x0000020671e97ec0 JavaThread "Common-Cleaner"             daemon [_thread_blocked, id=118388, stack(0x0000003cea000000,0x0000003cea100000) (1024K)]
  0x000002064515a890 JavaThread "C1 CompilerThread1"         daemon [_thread_blocked, id=107488, stack(0x0000003cea100000,0x0000003cea200000) (1024K)]
  0x0000020645343d30 JavaThread "C1 CompilerThread2"         daemon [_thread_blocked, id=90500, stack(0x0000003cea200000,0x0000003cea300000) (1024K)]
  0x000002064534d680 JavaThread "C1 CompilerThread3"         daemon [_thread_blocked, id=95680, stack(0x0000003cea300000,0x0000003cea400000) (1024K)]
  0x0000020671e98550 JavaThread "Monitor Ctrl-Break"         daemon [_thread_in_native, id=84968, stack(0x0000003cea400000,0x0000003cea500000) (1024K)]
  0x0000020671e97830 JavaThread "Notification Thread"        daemon [_thread_blocked, id=125440, stack(0x0000003cea500000,0x0000003cea600000) (1024K)]
  0x0000020671e95df0 JavaThread "RMI TCP Accept-0"           daemon [_thread_in_native, id=118820, stack(0x0000003ceaf00000,0x0000003ceb000000) (1024K)]
  0x0000020671e96480 JavaThread "RMI TCP Connection(1)-192.168.1.6" daemon [_thread_in_native, id=45948, stack(0x0000003ceb000000,0x0000003ceb100000) (1024K)]
  0x0000020671e98be0 JavaThread "RMI Scheduler(0)"           daemon [_thread_blocked, id=121704, stack(0x0000003ceb100000,0x0000003ceb200000) (1024K)]
  0x0000020671e96b10 JavaThread "JMX server connection timeout 35" daemon [_thread_blocked, id=124160, stack(0x0000003ceb200000,0x0000003ceb300000) (1024K)]
  0x000002064651ba90 JavaThread "Thread-0"                          [_thread_blocked, id=92428, stack(0x0000003ceb300000,0x0000003ceb400000) (1024K)]
=>0x000002064651e1f0 JavaThread "restartedMain"                     [_thread_in_vm, id=124040, stack(0x0000003ceb400000,0x0000003ceb500000) (1024K)]
  0x000002064651a6e0 JavaThread "RMI TCP Connection(2)-192.168.1.6" daemon [_thread_in_native, id=123972, stack(0x0000003ceb500000,0x0000003ceb600000) (1024K)]
  0x000002064651ef10 JavaThread "Catalina-utility-1"                [_thread_blocked, id=122888, stack(0x0000003ceb600000,0x0000003ceb700000) (1024K)]
  0x000002064651f5a0 JavaThread "Catalina-utility-2"                [_thread_blocked, id=102864, stack(0x0000003ceb900000,0x0000003ceba00000) (1024K)]
  0x000002064651a050 JavaThread "container-0"                       [_thread_blocked, id=124472, stack(0x0000003ceba00000,0x0000003cebb00000) (1024K)]
  0x000002064651b400 JavaThread "mssql-jdbc-shared-timer-core-0" daemon [_thread_blocked, id=118060, stack(0x0000003cebc00000,0x0000003cebd00000) (1024K)]
  0x000002064651c120 JavaThread "HikariPool-1 housekeeper"   daemon [_thread_blocked, id=104172, stack(0x0000003cebd00000,0x0000003cebe00000) (1024K)]
  0x000002064651c7b0 JavaThread "HikariPool-1 connection adder" daemon [_thread_in_native, id=93488, stack(0x0000003cebe00000,0x0000003cebf00000) (1024K)]
Total: 27

Other Threads:
  0x0000020671e72560 VMThread "VM Thread"                           [id=125472, stack(0x0000003ce9800000,0x0000003ce9900000) (1024K)]
  0x0000020671e5e8a0 WatcherThread "VM Periodic Task Thread"        [id=128324, stack(0x0000003ce9700000,0x0000003ce9800000) (1024K)]
  0x000002065e698450 WorkerThread "GC Thread#0"                     [id=125064, stack(0x0000003ce9200000,0x0000003ce9300000) (1024K)]
  0x0000020645f84090 WorkerThread "GC Thread#1"                     [id=103188, stack(0x0000003cea600000,0x0000003cea700000) (1024K)]
  0x0000020645f84c60 WorkerThread "GC Thread#2"                     [id=128332, stack(0x0000003cea700000,0x0000003cea800000) (1024K)]
  0x0000020645f85010 WorkerThread "GC Thread#3"                     [id=98696, stack(0x0000003cea800000,0x0000003cea900000) (1024K)]
  0x0000020645f857d0 WorkerThread "GC Thread#4"                     [id=115796, stack(0x0000003cea900000,0x0000003ceaa00000) (1024K)]
  0x0000020645f881a0 WorkerThread "GC Thread#5"                     [id=120976, stack(0x0000003ceaa00000,0x0000003ceab00000) (1024K)]
  0x0000020645fae1d0 WorkerThread "GC Thread#6"                     [id=121904, stack(0x0000003ceab00000,0x0000003ceac00000) (1024K)]
  0x0000020645fb2db0 WorkerThread "GC Thread#7"                     [id=102528, stack(0x0000003ceac00000,0x0000003cead00000) (1024K)]
  0x0000020645fb3160 WorkerThread "GC Thread#8"                     [id=122700, stack(0x0000003cead00000,0x0000003ceae00000) (1024K)]
  0x0000020645fb5d30 WorkerThread "GC Thread#9"                     [id=125892, stack(0x0000003ceae00000,0x0000003ceaf00000) (1024K)]
  0x000002065e6ade60 ConcurrentGCThread "G1 Main Marker"            [id=115444, stack(0x0000003ce9300000,0x0000003ce9400000) (1024K)]
  0x000002065e6af020 WorkerThread "G1 Conc#0"                       [id=119312, stack(0x0000003ce9400000,0x0000003ce9500000) (1024K)]
  0x00000206461a46d0 WorkerThread "G1 Conc#1"                       [id=119912, stack(0x0000003ceb700000,0x0000003ceb800000) (1024K)]
  0x0000020647276f70 WorkerThread "G1 Conc#2"                       [id=127168, stack(0x0000003ceb800000,0x0000003ceb900000) (1024K)]
  0x0000020671d34530 ConcurrentGCThread "G1 Refine#0"               [id=120196, stack(0x0000003ce9500000,0x0000003ce9600000) (1024K)]
  0x0000020671d34fd0 ConcurrentGCThread "G1 Service"                [id=126556, stack(0x0000003ce9600000,0x0000003ce9700000) (1024K)]
Total: 18

Threads with active compile tasks:
Total: 0

VM state: not at safepoint (normal execution)

VM Mutex/Monitor currently owned by a thread:  ([mutex/lock_event])
[0x00007fff140e1890] Metaspace_lock - owner thread: 0x000002064651e1f0

Heap address: 0x0000000702600000, size: 4058 MB, Compressed Oops mode: Zero based, Oop shift amount: 3

CDS archive(s) mapped at: [0x0000020600000000-0x0000020600d70000-0x0000020600d70000), size 14090240, SharedBaseAddress: 0x0000020600000000, ArchiveRelocationMode: 1.
Compressed class space mapped at: 0x0000020601000000-0x0000020641000000, reserved size: 1073741824
Narrow klass base: 0x0000020600000000, Narrow klass shift: 0, Narrow klass range: 0x41000000

GC Precious Log:
 CardTable entry size: 512
 Card Set container configuration: InlinePtr #cards 4 size 8 Array Of Cards #cards 16 size 48 Howl #buckets 8 coarsen threshold 3686 Howl Bitmap #cards 512 size 80 coarsen threshold 460 Card regions per heap region 1 cards per card region 4096
 CPUs: 12 total, 12 available
 Memory: 16228M
 Large Page Support: Disabled
 NUMA Support: Disabled
 Compressed Oops: Enabled (Zero based)
 Heap Region Size: 2M
 Heap Min Capacity: 8M
 Heap Initial Capacity: 254M
 Heap Max Capacity: 4058M
 Pre-touch: Disabled
 Parallel Workers: 10
 Concurrent Workers: 3
 Concurrent Refinement Workers: 10
 Periodic GC: Disabled

Heap:
 garbage-first heap   total reserved 4155392K, committed 69632K, used 43721K [0x0000000702600000, 0x0000000800000000)
  region size 2048K, 9 young (18432K), 2 survivors (4096K)
 Metaspace       used 58206K, committed 58880K, reserved 1114112K
  class space    used 8320K, committed 8640K, reserved 1048576K

Heap Regions: E=young(eden), S=young(survivor), O=old, HS=humongous(starts), HC=humongous(continues), CS=collection set, F=free, TAMS=top-at-mark-start, PB=parsable bottom
|   0|0x0000000702600000, 0x0000000702800000, 0x0000000702800000|100%| O|  |TAMS 0x0000000702600000| PB 0x0000000702600000| Untracked |  0
|   1|0x0000000702800000, 0x0000000702a00000, 0x0000000702a00000|100%| O|  |TAMS 0x0000000702800000| PB 0x0000000702800000| Untracked |  0
|   2|0x0000000702a00000, 0x0000000702c00000, 0x0000000702c00000|100%| O|  |TAMS 0x0000000702a00000| PB 0x0000000702a00000| Untracked |  0
|   3|0x0000000702c00000, 0x0000000702e00000, 0x0000000702e00000|100%| O|  |TAMS 0x0000000702c00000| PB 0x0000000702c00000| Untracked |  0
|   4|0x0000000702e00000, 0x0000000703000000, 0x0000000703000000|100%| O|  |TAMS 0x0000000702e00000| PB 0x0000000702e00000| Untracked |  0
|   5|0x0000000703000000, 0x0000000703200000, 0x0000000703200000|100%| O|  |TAMS 0x0000000703000000| PB 0x0000000703000000| Untracked |  0
|   6|0x0000000703200000, 0x0000000703344160, 0x0000000703400000| 63%| O|  |TAMS 0x0000000703200000| PB 0x0000000703200000| Untracked |  0
|   7|0x0000000703400000, 0x0000000703600000, 0x0000000703600000|100%| O|  |TAMS 0x0000000703400000| PB 0x0000000703400000| Untracked |  0
|   8|0x0000000703600000, 0x0000000703800000, 0x0000000703800000|100%| O|  |TAMS 0x0000000703600000| PB 0x0000000703600000| Untracked |  0
|   9|0x0000000703800000, 0x0000000703a00000, 0x0000000703a00000|100%| O|  |TAMS 0x0000000703800000| PB 0x0000000703800000| Untracked |  0
|  10|0x0000000703a00000, 0x0000000703c00000, 0x0000000703c00000|100%| O|  |TAMS 0x0000000703a00000| PB 0x0000000703a00000| Untracked |  0
|  11|0x0000000703c00000, 0x0000000703e00000, 0x0000000703e00000|100%| O|  |TAMS 0x0000000703c00000| PB 0x0000000703c00000| Untracked |  0
|  12|0x0000000703e00000, 0x0000000704000000, 0x0000000704000000|100%| O|  |TAMS 0x0000000703e00000| PB 0x0000000703e00000| Untracked |  0
|  13|0x0000000704000000, 0x0000000704200000, 0x0000000704200000|100%| O|  |TAMS 0x0000000704000000| PB 0x0000000704000000| Untracked |  0
|  14|0x0000000704200000, 0x0000000704400000, 0x0000000704400000|100%| O|  |TAMS 0x0000000704200000| PB 0x0000000704200000| Untracked |  0
|  15|0x0000000704400000, 0x0000000704400000, 0x0000000704600000|  0%| F|  |TAMS 0x0000000704400000| PB 0x0000000704400000| Untracked |  0
|  16|0x0000000704600000, 0x0000000704600000, 0x0000000704800000|  0%| F|  |TAMS 0x0000000704600000| PB 0x0000000704600000| Untracked |  0
|  17|0x0000000704800000, 0x000000070496e638, 0x0000000704a00000| 71%| S|CS|TAMS 0x0000000704800000| PB 0x0000000704800000| Complete |  0
|  18|0x0000000704a00000, 0x0000000704c00000, 0x0000000704c00000|100%| S|CS|TAMS 0x0000000704a00000| PB 0x0000000704a00000| Complete |  0
|  19|0x0000000704c00000, 0x0000000704c00000, 0x0000000704e00000|  0%| F|  |TAMS 0x0000000704c00000| PB 0x0000000704c00000| Untracked |  0
|  20|0x0000000704e00000, 0x0000000704e00000, 0x0000000705000000|  0%| F|  |TAMS 0x0000000704e00000| PB 0x0000000704e00000| Untracked |  0
|  21|0x0000000705000000, 0x0000000705000000, 0x0000000705200000|  0%| F|  |TAMS 0x0000000705000000| PB 0x0000000705000000| Untracked |  0
|  22|0x0000000705200000, 0x0000000705200000, 0x0000000705400000|  0%| F|  |TAMS 0x0000000705200000| PB 0x0000000705200000| Untracked |  0
|  23|0x0000000705400000, 0x0000000705400000, 0x0000000705600000|  0%| F|  |TAMS 0x0000000705400000| PB 0x0000000705400000| Untracked |  0
|  24|0x0000000705600000, 0x0000000705600000, 0x0000000705800000|  0%| F|  |TAMS 0x0000000705600000| PB 0x0000000705600000| Untracked |  0
|  25|0x0000000705800000, 0x0000000705800000, 0x0000000705a00000|  0%| F|  |TAMS 0x0000000705800000| PB 0x0000000705800000| Untracked |  0
|  26|0x0000000705a00000, 0x0000000705a00000, 0x0000000705c00000|  0%| F|  |TAMS 0x0000000705a00000| PB 0x0000000705a00000| Untracked |  0
|  27|0x0000000705c00000, 0x0000000705cfd980, 0x0000000705e00000| 49%| E|  |TAMS 0x0000000705c00000| PB 0x0000000705c00000| Complete |  0
|  28|0x0000000705e00000, 0x0000000706000000, 0x0000000706000000|100%| E|CS|TAMS 0x0000000705e00000| PB 0x0000000705e00000| Complete |  0
|  29|0x0000000706000000, 0x0000000706200000, 0x0000000706200000|100%| E|  |TAMS 0x0000000706000000| PB 0x0000000706000000| Complete |  0
|  95|0x000000070e400000, 0x000000070e600000, 0x000000070e600000|100%| E|CS|TAMS 0x000000070e400000| PB 0x000000070e400000| Complete |  0
|  96|0x000000070e600000, 0x000000070e800000, 0x000000070e800000|100%| E|CS|TAMS 0x000000070e600000| PB 0x000000070e600000| Complete |  0
|  97|0x000000070e800000, 0x000000070ea00000, 0x000000070ea00000|100%| E|CS|TAMS 0x000000070e800000| PB 0x000000070e800000| Complete |  0
| 126|0x0000000712200000, 0x0000000712400000, 0x0000000712400000|100%| E|CS|TAMS 0x0000000712200000| PB 0x0000000712200000| Complete |  0

Card table byte_map: [0x000002066aab0000,0x000002066b2a0000] _byte_map_base: 0x000002066729d000

Marking Bits: (CMBitMap*) 0x000002065e699680
 Bits: [0x000002066b2a0000, 0x000002066f208000)

Polling page: 0x000002065c3a0000

Metaspace:

Usage:
  Non-class:     48.72 MB used.
      Class:      8.13 MB used.
       Both:     56.84 MB used.

Virtual space:
  Non-class space:       64.00 MB reserved,      49.06 MB ( 77%) committed,  1 nodes.
      Class space:        1.00 GB reserved,       8.44 MB ( <1%) committed,  1 nodes.
             Both:        1.06 GB reserved,      57.50 MB (  5%) committed. 

Chunk freelists:
   Non-Class:  14.55 MB
       Class:  7.59 MB
        Both:  22.14 MB

MaxMetaspaceSize: unlimited
CompressedClassSpaceSize: 1.00 GB
Initial GC threshold: 21.00 MB
Current GC threshold: 59.00 MB
CDS: on
 - commit_granule_bytes: 65536.
 - commit_granule_words: 8192.
 - virtual_space_node_default_size: 8388608.
 - enlarge_chunks_in_place: 1.
 - use_allocation_guard: 0.


Internal statistics:

num_allocs_failed_limit: 6.
num_arena_births: 874.
num_arena_deaths: 2.
num_vsnodes_births: 2.
num_vsnodes_deaths: 0.
num_space_committed: 920.
num_space_uncommitted: 0.
num_chunks_returned_to_freelist: 8.
num_chunks_taken_from_freelist: 2719.
num_chunk_merges: 6.
num_chunk_splits: 1992.
num_chunks_enlarged: 1545.
num_inconsistent_stats: 0.

CodeCache: size=49152Kb used=10846Kb max_used=10846Kb free=38305Kb
 bounds [0x0000020666d50000, 0x00000206677f0000, 0x0000020669d50000]
 total_blobs=6918, nmethods=6206, adapters=633, full_count=0
Compilation: enabled, stopped_count=0, restarted_count=0

Compilation events (20 events):
Event: 8.904 Thread 0x0000020645343d30 6249   !   1       java.net.Socket$SocketInputStream::implRead (56 bytes)
Event: 8.904 Thread 0x0000020671ea08b0 6250       1       sun.nio.ch.NioSocketImpl$1::read (11 bytes)
Event: 8.904 Thread 0x000002064515a890 nmethod 6248 0x00000206677dec08 code [0x00000206677ded20, 0x00000206677dee00]
Event: 8.904 Thread 0x0000020671ea08b0 nmethod 6250 0x00000206677def08 code [0x00000206677df020, 0x00000206677df110]
Event: 8.904 Thread 0x000002064515a890 6252   !   1       sun.nio.ch.NioSocketImpl::implRead (223 bytes)
Event: 8.904 Thread 0x0000020671ea08b0 6251   !   1       sun.nio.ch.NioSocketImpl::read (96 bytes)
Event: 8.904 Thread 0x0000020645343d30 nmethod 6249 0x00000206677df208 code [0x00000206677df340, 0x00000206677df5d0]
Event: 8.904 Thread 0x0000020645343d30 6253   !   1       sun.nio.ch.NioSocketImpl::beginRead (30 bytes)
Event: 8.905 Thread 0x0000020645343d30 nmethod 6253 0x00000206677df688 code [0x00000206677df7a0, 0x00000206677dfa88]
Event: 8.905 Thread 0x0000020645343d30 6254       1       java.rmi.server.ObjID::equals (46 bytes)
Event: 8.905 Thread 0x0000020671ea08b0 nmethod 6251 0x00000206677dfb08 code [0x00000206677dfce0, 0x00000206677e0210]
Event: 8.905 Thread 0x0000020645343d30 nmethod 6254 0x00000206677e0288 code [0x00000206677e03c0, 0x00000206677e0590]
Event: 8.905 Thread 0x000002064515a890 nmethod 6252 0x00000206677e0608 code [0x00000206677e0800, 0x00000206677e12d0]
Event: 8.907 Thread 0x000002064534d680 nmethod 6247 0x00000206677e1388 code [0x00000206677e17a0, 0x00000206677e3be8]
Event: 8.927 Thread 0x000002064534d680 6255       1       java.lang.invoke.LambdaFormEditor::buffer (12 bytes)
Event: 8.927 Thread 0x000002064534d680 nmethod 6255 0x00000206677e5a08 code [0x00000206677e5b20, 0x00000206677e5c80]
Event: 8.954 Thread 0x0000020671ea08b0 6256       1       java.util.stream.TerminalOp::getOpFlags (2 bytes)
Event: 8.954 Thread 0x0000020671ea08b0 nmethod 6256 0x00000206677e6708 code [0x00000206677e6820, 0x00000206677e68e8]
Event: 8.974 Thread 0x0000020671ea08b0 6257       1       jdk.internal.classfile.impl.BufWriterImpl::writeList (47 bytes)
Event: 8.974 Thread 0x0000020671ea08b0 nmethod 6257 0x00000206677e7608 code [0x00000206677e7780, 0x00000206677e79e8]

GC Heap History (20 events):
Event: 2.697 GC heap before
{Heap before GC invocations=2 (full 0):
 garbage-first heap   total reserved 4155392K, committed 260096K, used 67215K [0x0000000702600000, 0x0000000800000000)
  region size 2048K, 29 young (59392K), 1 survivors (2048K)
 Metaspace       used 21150K, committed 21504K, reserved 1114112K
  class space    used 2942K, committed 3072K, reserved 1048576K
}
Event: 2.702 GC heap after
{Heap after GC invocations=3 (full 0):
 garbage-first heap   total reserved 4155392K, committed 260096K, used 17601K [0x0000000702600000, 0x0000000800000000)
  region size 2048K, 3 young (6144K), 3 survivors (6144K)
 Metaspace       used 21150K, committed 21504K, reserved 1114112K
  class space    used 2942K, committed 3072K, reserved 1048576K
}
Event: 3.426 GC heap before
{Heap before GC invocations=4 (full 0):
 garbage-first heap   total reserved 4155392K, committed 69632K, used 52417K [0x0000000702600000, 0x0000000800000000)
  region size 2048K, 20 young (40960K), 3 survivors (6144K)
 Metaspace       used 24805K, committed 25280K, reserved 1114112K
  class space    used 3483K, committed 3712K, reserved 1048576K
}
Event: 3.430 GC heap after
{Heap after GC invocations=5 (full 0):
 garbage-first heap   total reserved 4155392K, committed 69632K, used 21164K [0x0000000702600000, 0x0000000800000000)
  region size 2048K, 2 young (4096K), 2 survivors (4096K)
 Metaspace       used 24805K, committed 25280K, reserved 1114112K
  class space    used 3483K, committed 3712K, reserved 1048576K
}
Event: 3.917 GC heap before
{Heap before GC invocations=5 (full 0):
 garbage-first heap   total reserved 4155392K, committed 69632K, used 47788K [0x0000000702600000, 0x0000000800000000)
  region size 2048K, 15 young (30720K), 2 survivors (4096K)
 Metaspace       used 27733K, committed 28224K, reserved 1114112K
  class space    used 3930K, committed 4160K, reserved 1048576K
}
Event: 3.922 GC heap after
{Heap after GC invocations=6 (full 0):
 garbage-first heap   total reserved 4155392K, committed 69632K, used 22723K [0x0000000702600000, 0x0000000800000000)
  region size 2048K, 2 young (4096K), 2 survivors (4096K)
 Metaspace       used 27733K, committed 28224K, reserved 1114112K
  class space    used 3930K, committed 4160K, reserved 1048576K
}
Event: 4.732 GC heap before
{Heap before GC invocations=6 (full 0):
 garbage-first heap   total reserved 4155392K, committed 69632K, used 47299K [0x0000000702600000, 0x0000000800000000)
  region size 2048K, 15 young (30720K), 2 survivors (4096K)
 Metaspace       used 31337K, committed 31872K, reserved 1114112K
  class space    used 4522K, committed 4736K, reserved 1048576K
}
Event: 4.736 GC heap after
{Heap after GC invocations=7 (full 0):
 garbage-first heap   total reserved 4155392K, committed 69632K, used 24951K [0x0000000702600000, 0x0000000800000000)
  region size 2048K, 2 young (4096K), 2 survivors (4096K)
 Metaspace       used 31337K, committed 31872K, reserved 1114112K
  class space    used 4522K, committed 4736K, reserved 1048576K
}
Event: 5.421 GC heap before
{Heap before GC invocations=7 (full 0):
 garbage-first heap   total reserved 4155392K, committed 69632K, used 53623K [0x0000000702600000, 0x0000000800000000)
  region size 2048K, 16 young (32768K), 2 survivors (4096K)
 Metaspace       used 34849K, committed 35456K, reserved 1114112K
  class space    used 4938K, committed 5184K, reserved 1048576K
}
Event: 5.428 GC heap after
{Heap after GC invocations=8 (full 0):
 garbage-first heap   total reserved 4155392K, committed 69632K, used 27709K [0x0000000702600000, 0x0000000800000000)
  region size 2048K, 2 young (4096K), 2 survivors (4096K)
 Metaspace       used 34849K, committed 35456K, reserved 1114112K
  class space    used 4938K, committed 5184K, reserved 1048576K
}
Event: 5.808 GC heap before
{Heap before GC invocations=8 (full 0):
 garbage-first heap   total reserved 4155392K, committed 69632K, used 54333K [0x0000000702600000, 0x0000000800000000)
  region size 2048K, 15 young (30720K), 2 survivors (4096K)
 Metaspace       used 35326K, committed 35904K, reserved 1114112K
  class space    used 5019K, committed 5248K, reserved 1048576K
}
Event: 5.811 GC heap after
{Heap after GC invocations=9 (full 0):
 garbage-first heap   total reserved 4155392K, committed 69632K, used 28638K [0x0000000702600000, 0x0000000800000000)
  region size 2048K, 1 young (2048K), 1 survivors (2048K)
 Metaspace       used 35326K, committed 35904K, reserved 1114112K
  class space    used 5019K, committed 5248K, reserved 1048576K
}
Event: 5.837 GC heap before
{Heap before GC invocations=9 (full 0):
 garbage-first heap   total reserved 4155392K, committed 69632K, used 28638K [0x0000000702600000, 0x0000000800000000)
  region size 2048K, 2 young (4096K), 1 survivors (2048K)
 Metaspace       used 35473K, committed 36096K, reserved 1114112K
  class space    used 5033K, committed 5312K, reserved 1048576K
}
Event: 5.838 GC heap after
{Heap after GC invocations=10 (full 0):
 garbage-first heap   total reserved 4155392K, committed 69632K, used 28396K [0x0000000702600000, 0x0000000800000000)
  region size 2048K, 1 young (2048K), 1 survivors (2048K)
 Metaspace       used 35473K, committed 36096K, reserved 1114112K
  class space    used 5033K, committed 5312K, reserved 1048576K
}
Event: 6.756 GC heap before
{Heap before GC invocations=11 (full 0):
 garbage-first heap   total reserved 4155392K, committed 69632K, used 55020K [0x0000000702600000, 0x0000000800000000)
  region size 2048K, 15 young (30720K), 1 survivors (2048K)
 Metaspace       used 40850K, committed 41536K, reserved 1114112K
  class space    used 5864K, committed 6144K, reserved 1048576K
}
Event: 6.758 GC heap after
{Heap after GC invocations=12 (full 0):
 garbage-first heap   total reserved 4155392K, committed 69632K, used 30202K [0x0000000702600000, 0x0000000800000000)
  region size 2048K, 2 young (4096K), 2 survivors (4096K)
 Metaspace       used 40850K, committed 41536K, reserved 1114112K
  class space    used 5864K, committed 6144K, reserved 1048576K
}
Event: 7.971 GC heap before
{Heap before GC invocations=12 (full 0):
 garbage-first heap   total reserved 4155392K, committed 69632K, used 52730K [0x0000000702600000, 0x0000000800000000)
  region size 2048K, 14 young (28672K), 2 survivors (4096K)
 Metaspace       used 49059K, committed 49792K, reserved 1114112K
  class space    used 6963K, committed 7296K, reserved 1048576K
}
Event: 7.975 GC heap after
{Heap after GC invocations=13 (full 0):
 garbage-first heap   total reserved 4155392K, committed 69632K, used 32089K [0x0000000702600000, 0x0000000800000000)
  region size 2048K, 2 young (4096K), 2 survivors (4096K)
 Metaspace       used 49059K, committed 49792K, reserved 1114112K
  class space    used 6963K, committed 7296K, reserved 1048576K
}
Event: 8.717 GC heap before
{Heap before GC invocations=13 (full 0):
 garbage-first heap   total reserved 4155392K, committed 69632K, used 56665K [0x0000000702600000, 0x0000000800000000)
  region size 2048K, 15 young (30720K), 2 survivors (4096K)
 Metaspace       used 53955K, committed 54656K, reserved 1114112K
  class space    used 7598K, committed 7936K, reserved 1048576K
}
Event: 8.720 GC heap after
{Heap after GC invocations=14 (full 0):
 garbage-first heap   total reserved 4155392K, committed 69632K, used 33481K [0x0000000702600000, 0x0000000800000000)
  region size 2048K, 2 young (4096K), 2 survivors (4096K)
 Metaspace       used 53955K, committed 54656K, reserved 1114112K
  class space    used 7598K, committed 7936K, reserved 1048576K
}

Dll operation events (13 events):
Event: 0.015 Loaded shared library C:\Users\Punyt\.jdks\openjdk-23.0.1\bin\java.dll
Event: 0.287 Loaded shared library C:\Users\Punyt\.jdks\openjdk-23.0.1\bin\zip.dll
Event: 0.292 Loaded shared library C:\Users\Punyt\.jdks\openjdk-23.0.1\bin\instrument.dll
Event: 0.298 Loaded shared library C:\Users\Punyt\.jdks\openjdk-23.0.1\bin\net.dll
Event: 0.301 Loaded shared library C:\Users\Punyt\.jdks\openjdk-23.0.1\bin\nio.dll
Event: 0.306 Loaded shared library C:\Users\Punyt\.jdks\openjdk-23.0.1\bin\zip.dll
Event: 0.379 Loaded shared library C:\Users\Punyt\.jdks\openjdk-23.0.1\bin\jimage.dll
Event: 0.716 Loaded shared library E:\Software\JetBrains\IntelliJ IDEA 2024.2.4\bin\breakgen64.dll
Event: 0.728 Loaded shared library C:\Users\Punyt\.jdks\openjdk-23.0.1\bin\extnet.dll
Event: 0.739 Loaded shared library C:\Users\Punyt\.jdks\openjdk-23.0.1\bin\management.dll
Event: 0.755 Loaded shared library C:\Users\Punyt\.jdks\openjdk-23.0.1\bin\management_ext.dll
Event: 2.845 Loaded shared library C:\Users\Punyt\.jdks\openjdk-23.0.1\bin\sunmscapi.dll
Event: 6.700 Loaded shared library C:\Users\Punyt\.jdks\openjdk-23.0.1\bin\verify.dll

Deoptimization events (0 events):
No events

Classes loaded (20 events):
Event: 8.503 Loading class javax/naming/StringRefAddr
Event: 8.504 Loading class javax/naming/StringRefAddr done
Event: 8.546 Loading class java/util/concurrent/CompletionStage
Event: 8.547 Loading class java/util/concurrent/CompletionStage done
Event: 8.548 Loading class java/util/concurrent/CompletableFuture
Event: 8.549 Loading class java/util/concurrent/CompletableFuture done
Event: 8.549 Loading class java/util/concurrent/CompletableFuture$AltResult
Event: 8.549 Loading class java/util/concurrent/CompletableFuture$AltResult done
Event: 8.549 Loading class java/util/concurrent/CompletableFuture$Completion
Event: 8.549 Loading class java/util/concurrent/CompletableFuture$AsynchronousCompletionTask
Event: 8.549 Loading class java/util/concurrent/CompletableFuture$AsynchronousCompletionTask done
Event: 8.549 Loading class java/util/concurrent/CompletableFuture$Completion done
Event: 8.600 Loading class java/util/WeakHashMap$EntrySet
Event: 8.600 Loading class java/util/WeakHashMap$EntrySet done
Event: 8.600 Loading class java/util/WeakHashMap$EntryIterator
Event: 8.600 Loading class java/util/WeakHashMap$HashIterator
Event: 8.600 Loading class java/util/WeakHashMap$HashIterator done
Event: 8.600 Loading class java/util/WeakHashMap$EntryIterator done
Event: 8.694 Loading class java/util/concurrent/CancellationException
Event: 8.694 Loading class java/util/concurrent/CancellationException done

Classes unloaded (1 events):
Event: 5.861 Thread 0x0000020671e72560 Unloading class 0x00000206010da800 'java/lang/invoke/LambdaForm$DMH+0x00000206010da800'

Classes redefined (0 events):
No events

Internal exceptions (20 events):
Event: 4.719 Thread 0x000002064651e1f0 Exception <a 'java/lang/NoSuchMethodError'{0x0000000705175cc8}: 'java.lang.Object java.lang.invoke.Invokers$Holder.linkToTargetMethod(java.lang.Object, java.lang.Object, int, java.lang.Object)'> (0x0000000705175cc8) 
thrown [s\open\src\hotspot\share\interpreter\linkResolver.cpp, line 796]
Event: 5.088 Thread 0x000002064651e1f0 Exception <a 'java/lang/NoSuchMethodError'{0x0000000705f8a670}: 'int java.lang.invoke.DirectMethodHandle$Holder.invokeStatic(java.lang.Object, int, java.lang.Object)'> (0x0000000705f8a670) 
thrown [s\open\src\hotspot\share\interpreter\linkResolver.cpp, line 796]
Event: 5.210 Thread 0x000002064651e1f0 Exception <a 'sun/nio/fs/WindowsException'{0x0000000705401250}> (0x0000000705401250) 
thrown [s\open\src\hotspot\share\prims\jni.cpp, line 520]
Event: 5.210 Thread 0x000002064651e1f0 Exception <a 'sun/nio/fs/WindowsException'{0x00000007054019a0}> (0x00000007054019a0) 
thrown [s\open\src\hotspot\share\prims\jni.cpp, line 520]
Event: 5.215 Thread 0x000002064651e1f0 Exception <a 'java/lang/NoSuchMethodError'{0x000000070541e468}: 'int java.lang.invoke.DirectMethodHandle$Holder.invokeVirtual(java.lang.Object, java.lang.Object, java.lang.Object, java.lang.Object)'> (0x000000070541e468) 
thrown [s\open\src\hotspot\share\interpreter\linkResolver.cpp, line 796]
Event: 5.215 Thread 0x000002064651e1f0 Exception <a 'java/lang/NoSuchMethodError'{0x0000000705421d40}: 'int java.lang.invoke.DelegatingMethodHandle$Holder.reinvoke_L(java.lang.Object, java.lang.Object, java.lang.Object, java.lang.Object)'> (0x0000000705421d40) 
thrown [s\open\src\hotspot\share\interpreter\linkResolver.cpp, line 796]
Event: 5.257 Thread 0x000002064651e1f0 Exception <a 'java/io/FileNotFoundException'{0x0000000705564748}> (0x0000000705564748) 
thrown [s\open\src\hotspot\share\prims\jni.cpp, line 520]
Event: 5.493 Thread 0x000002064651e1f0 Exception <a 'java/lang/NoSuchMethodError'{0x00000007123c33e0}: 'void java.lang.invoke.DirectMethodHandle$Holder.invokeVirtual(java.lang.Object, java.lang.Object, java.lang.Object, java.lang.Object, java.lang.Object)'> (0x00000007123c33e0) 
thrown [s\open\src\hotspot\share\interpreter\linkResolver.cpp, line 796]
Event: 5.728 Thread 0x000002064651e1f0 Exception <a 'java/lang/NoSuchMethodError'{0x00000007053cc988}: 'int java.lang.invoke.DirectMethodHandle$Holder.invokeInterface(java.lang.Object, java.lang.Object, java.lang.Object, java.lang.Object)'> (0x00000007053cc988) 
thrown [s\open\src\hotspot\share\interpreter\linkResolver.cpp, line 796]
Event: 5.756 Thread 0x000002064651e1f0 Exception <a 'java/lang/NoSuchMethodError'{0x000000070508ee00}: 'void java.lang.invoke.Invokers$Holder.invokeExact_MT(java.lang.Object, java.lang.Object, java.lang.Object, java.lang.Object)'> (0x000000070508ee00) 
thrown [s\open\src\hotspot\share\interpreter\linkResolver.cpp, line 796]
Event: 5.852 Thread 0x000002064651e1f0 Exception <a 'java/io/FileNotFoundException'{0x000000071223d190}> (0x000000071223d190) 
thrown [s\open\src\hotspot\share\prims\jni.cpp, line 520]
Event: 6.015 Thread 0x000002064651e1f0 Exception <a 'java/lang/NoSuchMethodError'{0x000000070615d240}: 'java.lang.Object java.lang.invoke.DirectMethodHandle$Holder.newInvokeSpecial(java.lang.Object, java.lang.Object, java.lang.Object, java.lang.Object, java.lang.Object, java.lang.Object, java.lang.Object, java.lang.Object, java.lang.Object, java.lang.Object, java.lang.Object)'> (0x000000070615d240) 
thrown [s\open\src\hotspot\share\interpreter\linkResolver.cpp, line 796]
Event: 6.159 Thread 0x000002064651e1f0 Exception <a 'java/lang/NoSuchMethodError'{0x0000000705d266a8}: 'void java.lang.invoke.DelegatingMethodHandle$Holder.reinvoke_L(java.lang.Object, java.lang.Object, java.lang.Object, java.lang.Object, int, java.lang.Object, java.lang.Object, java.lang.Object)'> (0x0000000705d266a8) 
thrown [s\open\src\hotspot\share\interpreter\linkResolver.cpp, line 796]
Event: 6.992 Thread 0x000002064651e1f0 Exception <a 'java/lang/NoSuchMethodError'{0x0000000706151dc8}: 'int java.lang.invoke.DirectMethodHandle$Holder.invokeStatic(java.lang.Object)'> (0x0000000706151dc8) 
thrown [s\open\src\hotspot\share\interpreter\linkResolver.cpp, line 796]
Event: 7.114 Thread 0x000002064651e1f0 Exception <a 'sun/nio/fs/WindowsException'{0x0000000705d82af8}> (0x0000000705d82af8) 
thrown [s\open\src\hotspot\share\prims\jni.cpp, line 520]
Event: 7.863 Thread 0x000002064651e1f0 Exception <a 'java/lang/NoSuchMethodError'{0x0000000705523220}: 'java.lang.Object java.lang.invoke.DirectMethodHandle$Holder.invokeStaticInit(java.lang.Object, java.lang.Object, java.lang.Object, java.lang.Object)'> (0x0000000705523220) 
thrown [s\open\src\hotspot\share\interpreter\linkResolver.cpp, line 796]
Event: 7.886 Thread 0x000002064651e1f0 Exception <a 'java/lang/NoSuchMethodError'{0x0000000705227310}: 'int java.lang.invoke.Invokers$Holder.invokeExact_MT(java.lang.Object, java.lang.Object)'> (0x0000000705227310) 
thrown [s\open\src\hotspot\share\interpreter\linkResolver.cpp, line 796]
Event: 8.703 Thread 0x000002064651e1f0 Exception <a 'java/lang/IncompatibleClassChangeError'{0x0000000704d386e8}: Found class java.lang.Object, but interface was expected> (0x0000000704d386e8) 
thrown [s\open\src\hotspot\share\interpreter\linkResolver.cpp, line 863]
Event: 8.723 Thread 0x000002064651e1f0 Exception <a 'java/lang/NoSuchMethodError'{0x000000071220f980}: 'java.lang.Object java.lang.invoke.DirectMethodHandle$Holder.invokeStatic(java.lang.Object, java.lang.Object, int, java.lang.Object)'> (0x000000071220f980) 
thrown [s\open\src\hotspot\share\interpreter\linkResolver.cpp, line 796]
Event: 8.723 Thread 0x000002064651e1f0 Exception <a 'java/lang/NoSuchMethodError'{0x00000007122131c0}: 'java.lang.Object java.lang.invoke.DirectMethodHandle$Holder.invokeStaticInit(java.lang.Object, java.lang.Object, int, java.lang.Object)'> (0x00000007122131c0) 
thrown [s\open\src\hotspot\share\interpreter\linkResolver.cpp, line 796]

VM Operations (20 events):
Event: 6.756 Executing VM operation: G1CollectForAllocation (G1 Evacuation Pause)
Event: 6.758 Executing VM operation: G1CollectForAllocation (G1 Evacuation Pause) done
Event: 7.115 Executing VM operation: HandshakeAllThreads (Deoptimize)
Event: 7.115 Executing VM operation: HandshakeAllThreads (Deoptimize) done
Event: 7.145 Executing VM operation: HandshakeAllThreads (Deoptimize)
Event: 7.145 Executing VM operation: HandshakeAllThreads (Deoptimize) done
Event: 7.258 Executing VM operation: HandshakeAllThreads (Deoptimize)
Event: 7.258 Executing VM operation: HandshakeAllThreads (Deoptimize) done
Event: 7.587 Executing VM operation: HandshakeAllThreads (Deoptimize)
Event: 7.587 Executing VM operation: HandshakeAllThreads (Deoptimize) done
Event: 7.957 Executing VM operation: G1CollectForAllocation (G1 Evacuation Pause)
Event: 7.975 Executing VM operation: G1CollectForAllocation (G1 Evacuation Pause) done
Event: 8.186 Executing VM operation: HandshakeAllThreads (Deoptimize)
Event: 8.186 Executing VM operation: HandshakeAllThreads (Deoptimize) done
Event: 8.717 Executing VM operation: G1CollectForAllocation (G1 Evacuation Pause)
Event: 8.720 Executing VM operation: G1CollectForAllocation (G1 Evacuation Pause) done
Event: 8.970 Executing VM operation: HandshakeAllThreads (Deoptimize)
Event: 8.970 Executing VM operation: HandshakeAllThreads (Deoptimize) done
Event: 8.995 Executing VM operation: HandshakeAllThreads (Deoptimize)
Event: 8.995 Executing VM operation: HandshakeAllThreads (Deoptimize) done

Memory protections (0 events):
No events

Nmethod flushes (20 events):
Event: 5.865 Thread 0x0000020671e72560 flushing  nmethod 0x00000206670afb08
Event: 5.865 Thread 0x0000020671e72560 flushing  nmethod 0x00000206670aff08
Event: 5.865 Thread 0x0000020671e72560 flushing  nmethod 0x00000206670b0208
Event: 5.865 Thread 0x0000020671e72560 flushing  nmethod 0x000002066714b288
Event: 5.865 Thread 0x0000020671e72560 flushing  nmethod 0x000002066714be88
Event: 5.865 Thread 0x0000020671e72560 flushing  nmethod 0x0000020667164b88
Event: 5.865 Thread 0x0000020671e72560 flushing  nmethod 0x00000206671ac288
Event: 5.865 Thread 0x0000020671e72560 flushing  nmethod 0x00000206671ada88
Event: 5.865 Thread 0x0000020671e72560 flushing  nmethod 0x0000020666f24608
Event: 5.865 Thread 0x0000020671e72560 flushing  nmethod 0x0000020667094108
Event: 5.865 Thread 0x0000020671e72560 flushing  nmethod 0x000002066713fe88
Event: 5.865 Thread 0x0000020671e72560 flushing  nmethod 0x0000020667141a88
Event: 5.865 Thread 0x0000020671e72560 flushing  nmethod 0x000002066720fe08
Event: 5.865 Thread 0x0000020671e72560 flushing  nmethod 0x0000020667097188
Event: 5.865 Thread 0x0000020671e72560 flushing  nmethod 0x000002066710a688
Event: 5.865 Thread 0x0000020671e72560 flushing  nmethod 0x0000020667158288
Event: 5.865 Thread 0x0000020671e72560 flushing  nmethod 0x0000020667174808
Event: 5.865 Thread 0x0000020671e72560 flushing  nmethod 0x00000206671bf388
Event: 5.865 Thread 0x0000020671e72560 flushing  nmethod 0x0000020667276a08
Event: 5.865 Thread 0x0000020671e72560 flushing  nmethod 0x00000206672fa888

Events (20 events):
Event: 5.839 Thread 0x0000020671e96480 Thread added: 0x000002064651ef10
Event: 5.848 Thread 0x000002064651ef10 Thread exited: 0x000002064651ef10
Event: 5.869 Thread 0x000002064651e1f0 Thread added: 0x000002064651ef10
Event: 5.870 Thread 0x000002064651ef10 Thread added: 0x000002064651f5a0
Event: 5.877 Thread 0x000002064651e1f0 Thread added: 0x000002064651a050
Event: 6.351 Thread 0x0000020671e96480 Thread added: 0x0000020646518610
Event: 6.357 Thread 0x0000020646518610 Thread exited: 0x0000020646518610
Event: 6.860 Thread 0x0000020671e96480 Thread added: 0x000002064651b400
Event: 6.866 Thread 0x000002064651b400 Thread exited: 0x000002064651b400
Event: 7.367 Thread 0x0000020671e96480 Thread added: 0x0000020646519330
Event: 7.372 Thread 0x0000020646519330 Thread exited: 0x0000020646519330
Event: 7.606 Thread 0x000002064651e1f0 Thread added: 0x000002064651b400
Event: 7.657 Thread 0x000002064651e1f0 Thread added: 0x000002064651c120
Event: 7.761 Thread 0x000002064651c120 Thread added: 0x000002064651c7b0
Event: 7.884 Thread 0x0000020671e96480 Thread added: 0x000002064651db60
Event: 7.891 Thread 0x000002064651db60 Thread exited: 0x000002064651db60
Event: 8.394 Thread 0x0000020671e96480 Thread added: 0x000002064651ce40
Event: 8.399 Thread 0x000002064651ce40 Thread exited: 0x000002064651ce40
Event: 8.901 Thread 0x0000020671e96480 Thread added: 0x0000020646519330
Event: 8.905 Thread 0x0000020646519330 Thread exited: 0x0000020646519330


Dynamic libraries:
0x00007ff66d640000 - 0x00007ff66d64e000 	C:\Users\Punyt\.jdks\openjdk-23.0.1\bin\java.exe
0x00007fff8dcf0000 - 0x00007fff8dee8000 	C:\Windows\SYSTEM32\ntdll.dll
0x00007fff8db00000 - 0x00007fff8dbc2000 	C:\Windows\System32\KERNEL32.DLL
0x00007fff8b730000 - 0x00007fff8ba2f000 	C:\Windows\System32\KERNELBASE.dll
0x00007fff8ba60000 - 0x00007fff8bb60000 	C:\Windows\System32\ucrtbase.dll
0x00007fff73f70000 - 0x00007fff73f87000 	C:\Users\Punyt\.jdks\openjdk-23.0.1\bin\jli.dll
0x00007fff73eb0000 - 0x00007fff73ecb000 	C:\Users\Punyt\.jdks\openjdk-23.0.1\bin\VCRUNTIME140.dll
0x00007fff8d130000 - 0x00007fff8d2cd000 	C:\Windows\System32\USER32.dll
0x00007fff755d0000 - 0x00007fff7586a000 	C:\Windows\WinSxS\amd64_microsoft.windows.common-controls_6595b64144ccf1df_6.0.19041.4355_none_60b8b9eb71f62e16\COMCTL32.dll
0x00007fff8ba30000 - 0x00007fff8ba52000 	C:\Windows\System32\win32u.dll
0x00007fff8bd10000 - 0x00007fff8bdae000 	C:\Windows\System32\msvcrt.dll
0x00007fff8d100000 - 0x00007fff8d12b000 	C:\Windows\System32\GDI32.dll
0x00007fff8b5e0000 - 0x00007fff8b6fa000 	C:\Windows\System32\gdi32full.dll
0x00007fff8b440000 - 0x00007fff8b4dd000 	C:\Windows\System32\msvcp_win.dll
0x00007fff8ce40000 - 0x00007fff8ce6f000 	C:\Windows\System32\IMM32.DLL
0x00007fff875b0000 - 0x00007fff875bc000 	C:\Users\Punyt\.jdks\openjdk-23.0.1\bin\vcruntime140_1.dll
0x00007fff4edb0000 - 0x00007fff4ee3e000 	C:\Users\Punyt\.jdks\openjdk-23.0.1\bin\msvcp140.dll
0x00007fff13470000 - 0x00007fff141bf000 	C:\Users\Punyt\.jdks\openjdk-23.0.1\bin\server\jvm.dll
0x00007fff8c1f0000 - 0x00007fff8c29f000 	C:\Windows\System32\ADVAPI32.dll
0x00007fff8d9b0000 - 0x00007fff8da4f000 	C:\Windows\System32\sechost.dll
0x00007fff8ce70000 - 0x00007fff8cf93000 	C:\Windows\System32\RPCRT4.dll
0x00007fff8b700000 - 0x00007fff8b727000 	C:\Windows\System32\bcrypt.dll
0x00007fff8cfa0000 - 0x00007fff8d00b000 	C:\Windows\System32\WS2_32.dll
0x00007fff8a920000 - 0x00007fff8a96b000 	C:\Windows\SYSTEM32\POWRPROF.dll
0x00007fff7fdc0000 - 0x00007fff7fde7000 	C:\Windows\SYSTEM32\WINMM.dll
0x00007fff82b80000 - 0x00007fff82b8a000 	C:\Windows\SYSTEM32\VERSION.dll
0x00007fff8a790000 - 0x00007fff8a7a2000 	C:\Windows\SYSTEM32\UMPDC.dll
0x00007fff89210000 - 0x00007fff89222000 	C:\Windows\SYSTEM32\kernel.appcore.dll
0x00007fff742a0000 - 0x00007fff742aa000 	C:\Users\Punyt\.jdks\openjdk-23.0.1\bin\jimage.dll
0x00007fff7f480000 - 0x00007fff7f664000 	C:\Windows\SYSTEM32\DBGHELP.DLL
0x00007fff66460000 - 0x00007fff66494000 	C:\Windows\SYSTEM32\dbgcore.DLL
0x00007fff8b550000 - 0x00007fff8b5d2000 	C:\Windows\System32\bcryptPrimitives.dll
0x00007fff73cf0000 - 0x00007fff73cff000 	C:\Users\Punyt\.jdks\openjdk-23.0.1\bin\instrument.dll
0x00007fff72230000 - 0x00007fff7224e000 	C:\Users\Punyt\.jdks\openjdk-23.0.1\bin\java.dll
0x00007fff8d770000 - 0x00007fff8d89b000 	C:\Windows\System32\ole32.dll
0x00007fff8c2a0000 - 0x00007fff8c5f5000 	C:\Windows\System32\combase.dll
0x00007fff8c6d0000 - 0x00007fff8ce3d000 	C:\Windows\System32\SHELL32.dll
0x00007fff89410000 - 0x00007fff89bb4000 	C:\Windows\SYSTEM32\windows.storage.dll
0x00007fff8adc0000 - 0x00007fff8adeb000 	C:\Windows\SYSTEM32\Wldp.dll
0x00007fff8c600000 - 0x00007fff8c6cd000 	C:\Windows\System32\OLEAUT32.dll
0x00007fff8d8a0000 - 0x00007fff8d94d000 	C:\Windows\System32\SHCORE.dll
0x00007fff8d950000 - 0x00007fff8d9a5000 	C:\Windows\System32\shlwapi.dll
0x00007fff8b2c0000 - 0x00007fff8b2e5000 	C:\Windows\SYSTEM32\profapi.dll
0x00007fff6a620000 - 0x00007fff6a637000 	C:\Users\Punyt\.jdks\openjdk-23.0.1\bin\zip.dll
0x00007fff73e50000 - 0x00007fff73e60000 	C:\Users\Punyt\.jdks\openjdk-23.0.1\bin\net.dll
0x00007fff8ab20000 - 0x00007fff8ab8c000 	C:\Windows\system32\mswsock.dll
0x00007fff6b580000 - 0x00007fff6b596000 	C:\Users\Punyt\.jdks\openjdk-23.0.1\bin\nio.dll
0x00007fff66200000 - 0x00007fff6621a000 	E:\Software\JetBrains\IntelliJ IDEA 2024.2.4\bin\breakgen64.dll
0x00007fff8a800000 - 0x00007fff8a8ca000 	C:\Windows\SYSTEM32\DNSAPI.dll
0x00007fff8a7b0000 - 0x00007fff8a7eb000 	C:\Windows\SYSTEM32\IPHLPAPI.DLL
0x00007fff8d2e0000 - 0x00007fff8d2e8000 	C:\Windows\System32\NSI.dll
0x00007fff84560000 - 0x00007fff8456a000 	C:\Windows\System32\rasadhlp.dll
0x00007fff721d0000 - 0x00007fff721d9000 	C:\Users\Punyt\.jdks\openjdk-23.0.1\bin\extnet.dll
0x00007fff73470000 - 0x00007fff734f0000 	C:\Windows\System32\fwpuclnt.dll
0x00007fff70ae0000 - 0x00007fff70aea000 	C:\Users\Punyt\.jdks\openjdk-23.0.1\bin\management.dll
0x00007fff709c0000 - 0x00007fff709cb000 	C:\Users\Punyt\.jdks\openjdk-23.0.1\bin\management_ext.dll
0x00007fff8d2d0000 - 0x00007fff8d2d8000 	C:\Windows\System32\PSAPI.DLL
0x00007fff8ad20000 - 0x00007fff8ad38000 	C:\Windows\SYSTEM32\CRYPTSP.dll
0x00007fff8a3d0000 - 0x00007fff8a408000 	C:\Windows\system32\rsaenh.dll
0x00007fff8b280000 - 0x00007fff8b2ae000 	C:\Windows\SYSTEM32\USERENV.dll
0x00007fff8ad10000 - 0x00007fff8ad1c000 	C:\Windows\SYSTEM32\CRYPTBASE.dll
0x00007fff57120000 - 0x00007fff57137000 	C:\Windows\system32\napinsp.dll
0x00007fff57100000 - 0x00007fff5711b000 	C:\Windows\system32\pnrpnsp.dll
0x00007fff87c70000 - 0x00007fff87c85000 	C:\Windows\system32\wshbth.dll
0x00007fff87410000 - 0x00007fff8742d000 	C:\Windows\system32\NLAapi.dll
0x00007fff570c0000 - 0x00007fff570d2000 	C:\Windows\System32\winrnr.dll
0x00007fff6d950000 - 0x00007fff6d9a1000 	C:\Windows\SYSTEM32\pdh.dll
0x00007fff889e0000 - 0x00007fff889ef000 	C:\Windows\System32\perfproc.dll
0x00007fff6ad80000 - 0x00007fff6ad8f000 	C:\Windows\System32\perfos.dll
0x00007fff721f0000 - 0x00007fff721fe000 	C:\Users\Punyt\.jdks\openjdk-23.0.1\bin\sunmscapi.dll
0x00007fff8bb60000 - 0x00007fff8bcbc000 	C:\Windows\System32\CRYPT32.dll
0x00007fff8ae30000 - 0x00007fff8ae57000 	C:\Windows\SYSTEM32\ncrypt.dll
0x00007fff8adf0000 - 0x00007fff8ae2b000 	C:\Windows\SYSTEM32\NTASN1.dll
0x00007fff63d50000 - 0x00007fff63d60000 	C:\Users\Punyt\.jdks\openjdk-23.0.1\bin\verify.dll

dbghelp: loaded successfully - version: 4.0.5 - missing functions: none
symbol engine: initialized successfully - sym options: 0x614 - pdb path: .;C:\Users\Punyt\.jdks\openjdk-23.0.1\bin;C:\Windows\SYSTEM32;C:\Windows\WinSxS\amd64_microsoft.windows.common-controls_6595b64144ccf1df_6.0.19041.4355_none_60b8b9eb71f62e16;C:\Users\Punyt\.jdks\openjdk-23.0.1\bin\server;E:\Software\JetBrains\IntelliJ IDEA 2024.2.4\bin

VM Arguments:
jvm_args: -XX:TieredStopAtLevel=1 -Dspring.output.ansi.enabled=always -Dcom.sun.management.jmxremote -Dspring.jmx.enabled=true -Dspring.liveBeansView.mbeanDomain -Dspring.application.admin.enabled=true -Dmanagement.endpoints.jmx.exposure.include=* -javaagent:E:\Software\JetBrains\IntelliJ IDEA 2024.2.4\lib\idea_rt.jar=56092:E:\Software\JetBrains\IntelliJ IDEA 2024.2.4\bin -Dfile.encoding=UTF-8 -Dsun.stdout.encoding=UTF-8 -Dsun.stderr.encoding=UTF-8 
java_command: com.fpoly.kickshop.KickShopApplication
java_class_path (initial): E:\FPT Polytechnic\PRO2113_Du_an_tot_nghiep\kickShop\target\classes;C:\Users\Punyt\.m2\repository\org\springframework\boot\spring-boot-starter-thymeleaf\3.4.3\spring-boot-starter-thymeleaf-3.4.3.jar;C:\Users\Punyt\.m2\repository\org\springframework\boot\spring-boot-starter\3.4.3\spring-boot-starter-3.4.3.jar;C:\Users\Punyt\.m2\repository\org\springframework\boot\spring-boot-starter-logging\3.4.3\spring-boot-starter-logging-3.4.3.jar;C:\Users\Punyt\.m2\repository\ch\qos\logback\logback-classic\1.5.16\logback-classic-1.5.16.jar;C:\Users\Punyt\.m2\repository\ch\qos\logback\logback-core\1.5.16\logback-core-1.5.16.jar;C:\Users\Punyt\.m2\repository\org\apache\logging\log4j\log4j-to-slf4j\2.24.3\log4j-to-slf4j-2.24.3.jar;C:\Users\Punyt\.m2\repository\org\slf4j\jul-to-slf4j\2.0.16\jul-to-slf4j-2.0.16.jar;C:\Users\Punyt\.m2\repository\org\yaml\snakeyaml\2.3\snakeyaml-2.3.jar;C:\Users\Punyt\.m2\repository\org\thymeleaf\thymeleaf-spring6\3.1.3.RELEASE\thymeleaf-spring6-3.1.3.RELEASE.jar;C:\Users\Punyt\.m2\repository\org\thymeleaf\thymeleaf\3.1.3.RELEASE\thymeleaf-3.1.3.RELEASE.jar;C:\Users\Punyt\.m2\repository\org\attoparser\attoparser\2.0.7.RELEASE\attoparser-2.0.7.RELEASE.jar;C:\Users\Punyt\.m2\repository\org\unbescape\unbescape\1.1.6.RELEASE\unbescape-1.1.6.RELEASE.jar;C:\Users\Punyt\.m2\repository\org\springframework\boot\spring-boot-starter-web\3.4.3\spring-boot-starter-web-3.4.3.jar;C:\Users\Punyt\.m2\repository\org\springframework\boot\spring-boot-starter-json\3.4.3\spring-boot-starter-json-3.4.3.jar;C:\Users\Punyt\.m2\repository\com\fasterxml\jackson\datatype\jackson-datatype-jdk8\2.18.2\jackson-datatype-jdk8-2.18.2.jar;C:\Users\Punyt\.m2\repository\com\fasterxml\jackson\datatype\jackson-datatype-jsr310\2.18.2\jackson-datatype-jsr310-2.18.2.jar;C:\Users\Punyt\.m2\repository\com\fasterxml\jackson\module\jackson-module-parameter-names\2.18.2\jackson-module-parameter-names-2.18.2.jar;C:\Users\Punyt\.m2\repository\org\springframework\spring-web\6.2.3\spring-web-6.2.3.jar;C:\Users\Punyt\.m2\repository\org\springframework\spring-beans\6.2.3\spring-beans-6.2.3.jar;C:\Users\Punyt\.m2\repository\io\micrometer\micrometer-observation\1.14.4\micrometer-observation-1.14.4.jar;C:\Users\Punyt\.m2\repository\io\micrometer\micrometer-commons\1.14.4\micrometer-commons-1.14.4.jar;C:\Users\Punyt\.m2\repository\org\springframework\spring-webmvc\6.2.3\spring-webmvc-6.2.3.jar;C:\Users\Punyt\.m2\repository\org\springframework\spring-context\6.2.3\spring-context-6.2.3.jar;C:\Users\Punyt\.m2\repository\org\springframework\spring-expression\6.2.3\spring-expression-6.2.3.jar;C:\Users\Punyt\.m2\repository\org\springframework\boot\spring-boot-devtools\3.4.3\spring-boot-devtools-3.4.3.jar;C:\Users\Punyt\.m2\repository\org\springframework\boot\spring-boot\3.4.3\spring-boot-3.4.3.jar;C:\Users\Punyt\.m2\repository\org\springframework\boot\spring-boot-autoconfigure\3.4.3\spring-boot-autoconfigure-3.4.3.jar;C:\Users\Punyt\.m2\repository\org\springframework\boot\spring-boot-configuration-processor\3.4.3\spring-boot-configuration-processor-3.4.3.jar;C:\Users\Punyt\.m2\repository\org\projectlombok\lombok\1.18.36\lombok-1.18.36.jar;C:\Users\Punyt\.m2\repository\jakarta\xml\bind\jakarta.xml.bind-api\4.0.2\jakarta.xml.bind-api-4.0.2.jar;C:\Users\Punyt\.m2\repository\jakarta\activation\jakarta.activation-api\2.1.3\jakarta.activation-api-2.1.3.jar;C:\Users\Punyt\.m2\repository\net\minidev\json-smart\2.5.2\json-smart-2.5.2.jar;C:\Users\Punyt\.m2\repository\net\minidev\accessors-smart\2.5.2\accessors-smart-2.5.2.jar;C:\Users\Punyt\.m2\repository\org\ow2\asm\asm\9.7.1\asm-9.7.1.jar;C:\Users\Punyt\.m2\repository\net\bytebuddy\byte-buddy\1.15.11\byte-buddy-1.15.11.jar;C:\Users\Punyt\.m2\repository\org\springframework\spring-core\6.2.3\spring-core-6.2.3.jar;C:\Users\Punyt\.m2\repository\org\springframework\spring-jcl\6.2.3\spring-jcl-6.2.3.jar;C:\Users\Punyt\.m2\repository\org\springframework\boot\spring-boot-starter-tomcat\3.4.3\spring-boot-starter-tomcat-3.4.3.jar;C:\Users\Punyt\.m2\repository\jakarta\annotation\jakarta.annotation-api\2.1.1\jakarta.annotation-api-2.1.1.jar;C:\Users\Punyt\.m2\repository\org\apache\tomcat\embed\tomcat-embed-core\10.1.36\tomcat-embed-core-10.1.36.jar;C:\Users\Punyt\.m2\repository\org\apache\tomcat\embed\tomcat-embed-el\10.1.36\tomcat-embed-el-10.1.36.jar;C:\Users\Punyt\.m2\repository\org\apache\tomcat\embed\tomcat-embed-websocket\10.1.36\tomcat-embed-websocket-10.1.36.jar;C:\Users\Punyt\.m2\repository\org\glassfish\web\jakarta.servlet.jsp.jstl\3.0.1\jakarta.servlet.jsp.jstl-3.0.1.jar;C:\Users\Punyt\.m2\repository\jakarta\servlet\jsp\jstl\jakarta.servlet.jsp.jstl-api\3.0.2\jakarta.servlet.jsp.jstl-api-3.0.2.jar;C:\Users\Punyt\.m2\repository\jakarta\servlet\jakarta.servlet-api\6.0.0\jakarta.servlet-api-6.0.0.jar;C:\Users\Punyt\.m2\repository\jakarta\el\jakarta.el-api\5.0.0\jakarta.el-api-5.0.0.jar;C:\Users\Punyt\.m2\repository\org\apache\tomcat\embed\tomcat-embed-jasper\10.1.36\tomcat-embed-jasper-10.1.36.jar;C:\Users\Punyt\.m2\repository\org\eclipse\jdt\ecj\3.33.0\ecj-3.33.0.jar;C:\Users\Punyt\.m2\repository\org\hibernate\validator\hibernate-validator\8.0.2.Final\hibernate-validator-8.0.2.Final.jar;C:\Users\Punyt\.m2\repository\jakarta\validation\jakarta.validation-api\3.0.2\jakarta.validation-api-3.0.2.jar;C:\Users\Punyt\.m2\repository\org\jboss\logging\jboss-logging\3.6.1.Final\jboss-logging-3.6.1.Final.jar;C:\Users\Punyt\.m2\repository\com\fasterxml\classmate\1.7.0\classmate-1.7.0.jar;C:\Users\Punyt\.m2\repository\com\microsoft\sqlserver\mssql-jdbc\12.8.1.jre11\mssql-jdbc-12.8.1.jre11.jar;C:\Users\Punyt\.m2\repository\org\springframework\boot\spring-boot-starter-data-jpa\3.4.3\spring-boot-starter-data-jpa-3.4.3.jar;C:\Users\Punyt\.m2\repository\org\springframework\boot\spring-boot-starter-jdbc\3.4.3\spring-boot-starter-jdbc-3.4.3.jar;C:\Users\Punyt\.m2\repository\com\zaxxer\HikariCP\5.1.0\HikariCP-5.1.0.jar;C:\Users\Punyt\.m2\repository\org\springframework\spring-jdbc\6.2.3\spring-jdbc-6.2.3.jar;C:\Users\Punyt\.m2\repository\org\hibernate\orm\hibernate-core\6.6.8.Final\hibernate-core-6.6.8.Final.jar;C:\Users\Punyt\.m2\repository\jakarta\persistence\jakarta.persistence-api\3.1.0\jakarta.persistence-api-3.1.0.jar;C:\Users\Punyt\.m2\repository\jakarta\transaction\jakarta.transaction-api\2.0.1\jakarta.transaction-api-2.0.1.jar;C:\Users\Punyt\.m2\repository\org\hibernate\common\hibernate-commons-annotations\7.0.3.Final\hibernate-commons-annotations-7.0.3.Final.jar;C:\Users\Punyt\.m2\repository\io\smallrye\jandex\3.2.0\jandex-3.2.0.jar;C:\Users\Punyt\.m2\repository\org\glassfish\jaxb\jaxb-runtime\4.0.5\jaxb-runtime-4.0.5.jar;C:\Users\Punyt\.m2\repository\org\glassfish\jaxb\jaxb-core\4.0.5\jaxb-core-4.0.5.jar;C:\Users\Punyt\.m2\repository\org\glassfish\jaxb\txw2\4.0.5\txw2-4.0.5.jar;C:\Users\Punyt\.m2\repository\com\sun\istack\istack-commons-runtime\4.1.2\istack-commons-runtime-4.1.2.jar;C:\Users\Punyt\.m2\repository\jakarta\inject\jakarta.inject-api\2.0.1\jakarta.inject-api-2.0.1.jar;C:\Users\Punyt\.m2\repository\org\antlr\antlr4-runtime\4.13.0\antlr4-runtime-4.13.0.jar;C:\Users\Punyt\.m2\repository\org\springframework\data\spring-data-jpa\3.4.3\spring-data-jpa-3.4.3.jar;C:\Users\Punyt\.m2\repository\org\springframework\data\spring-data-commons\3.4.3\spring-data-commons-3.4.3.jar;C:\Users\Punyt\.m2\repository\org\springframework\spring-orm\6.2.3\spring-orm-6.2.3.jar;C:\Users\Punyt\.m2\repository\org\springframework\spring-tx\6.2.3\spring-tx-6.2.3.jar;C:\Users\Punyt\.m2\repository\org\springframework\spring-aspects\6.2.3\spring-aspects-6.2.3.jar;C:\Users\Punyt\.m2\repository\org\aspectj\aspectjweaver\1.9.22.1\aspectjweaver-1.9.22.1.jar;C:\Users\Punyt\.m2\repository\org\springframework\boot\spring-boot-starter-mail\3.4.3\spring-boot-starter-mail-3.4.3.jar;C:\Users\Punyt\.m2\repository\org\springframework\spring-context-support\6.2.3\spring-context-support-6.2.3.jar;C:\Users\Punyt\.m2\repository\org\eclipse\angus\jakarta.mail\2.0.3\jakarta.mail-2.0.3.jar;C:\Users\Punyt\.m2\repository\org\eclipse\angus\angus-activation\2.0.2\angus-activation-2.0.2.jar;C:\Users\Punyt\.m2\repository\org\testng\testng\7.10.2\testng-7.10.2.jar;C:\Users\Punyt\.m2\repository\org\slf4j\slf4j-api\2.0.16\slf4j-api-2.0.16.jar;C:\Users\Punyt\.m2\repository\com\beust\jcommander\1.82\jcommander-1.82.jar;C:\Users\Punyt\.m2\repository\org\webjars\jquery\3.7.1\jquery-3.7.1.jar;C:\Users\Punyt\.m2\repository\org\apache\poi\poi-ooxml\5.3.0\poi-ooxml-5.3.0.jar;C:\Users\Punyt\.m2\repository\org\apache\poi\poi\5.3.0\poi-5.3.0.jar;C:\Users\Punyt\.m2\repository\org\apache\commons\commons-math3\3.6.1\commons-math3-3.6.1.jar;C:\Users\Punyt\.m2\repository\com\zaxxer\SparseBitSet\1.3\SparseBitSet-1.3.jar;C:\Users\Punyt\.m2\repository\org\apache\poi\poi-ooxml-lite\5.3.0\poi-ooxml-lite-5.3.0.jar;C:\Users\Punyt\.m2\repository\org\apache\xmlbeans\xmlbeans\5.2.1\xmlbeans-5.2.1.jar;C:\Users\Punyt\.m2\repository\org\apache\commons\commons-compress\1.26.2\commons-compress-1.26.2.jar;C:\Users\Punyt\.m2\repository\org\apache\commons\commons-lang3\3.17.0\commons-lang3-3.17.0.jar;C:\Users\Punyt\.m2\repository\commons-io\commons-io\2.16.1\commons-io-2.16.1.jar;C:\Users\Punyt\.m2\repository\com\github\virtuald\curvesapi\1.08\curvesapi-1.08.jar;C:\Users\Punyt\.m2\repository\org\apache\logging\log4j\log4j-api\2.24.3\log4j-api-2.24.3.jar;C:\Users\Punyt\.m2\repository\org\apache\commons\commons-collections4\4.4\commons-collections4-4.4.jar;C:\Users\Punyt\.m2\repository\io\jsonwebtoken\jjwt\0.12.3\jjwt-0.12.3.jar;C:\Users\Punyt\.m2\repository\io\jsonwebtoken\jjwt-api\0.11.2\jjwt-api-0.11.2.jar;C:\Users\Punyt\.m2\repository\io\jsonwebtoken\jjwt-impl\0.11.2\jjwt-impl-0.11.2.jar;C:\Users\Punyt\.m2\repository\io\jsonwebtoken\jjwt-jackson\0.11.2\jjwt-jackson-0.11.2.jar;C:\Users\Punyt\.m2\repository\com\fasterxml\jackson\core\jackson-databind\2.18.2\jackson-databind-2.18.2.jar;C:\Users\Punyt\.m2\repository\com\fasterxml\jackson\core\jackson-annotations\2.18.2\jackson-annotations-2.18.2.jar;C:\Users\Punyt\.m2\repository\com\fasterxml\jackson\core\jackson-core\2.18.2\jackson-core-2.18.2.jar;C:\Users\Punyt\.m2\repository\com\itextpdf\barcodes\8.0.5\barcodes-8.0.5.jar;C:\Users\Punyt\.m2\repository\com\itextpdf\font-asian\8.0.5\font-asian-8.0.5.jar;C:\Users\Punyt\.m2\repository\com\itextpdf\forms\8.0.5\forms-8.0.5.jar;C:\Users\Punyt\.m2\repository\com\itextpdf\hyph\8.0.5\hyph-8.0.5.jar;C:\Users\Punyt\.m2\repository\com\itextpdf\io\8.0.5\io-8.0.5.jar;C:\Users\Punyt\.m2\repository\com\itextpdf\commons\8.0.5\commons-8.0.5.jar;C:\Users\Punyt\.m2\repository\com\itextpdf\kernel\8.0.5\kernel-8.0.5.jar;C:\Users\Punyt\.m2\repository\com\itextpdf\layout\8.0.5\layout-8.0.5.jar;C:\Users\Punyt\.m2\repository\com\itextpdf\pdfa\8.0.5\pdfa-8.0.5.jar;C:\Users\Punyt\.m2\repository\com\itextpdf\sign\8.0.5\sign-8.0.5.jar;C:\Users\Punyt\.m2\repository\com\itextpdf\styled-xml-parser\8.0.5\styled-xml-parser-8.0.5.jar;C:\Users\Punyt\.m2\repository\com\itextpdf\svg\8.0.5\svg-8.0.5.jar;C:\Users\Punyt\.m2\repository\com\itextpdf\bouncy-castle-connector\8.0.5\bouncy-castle-connector-8.0.5.jar;C:\Users\Punyt\.m2\repository\com\itextpdf\pdfua\8.0.5\pdfua-8.0.5.jar;C:\Users\Punyt\.m2\repository\org\seleniumhq\selenium\selenium-java\4.25.0\selenium-java-4.25.0.jar;C:\Users\Punyt\.m2\repository\org\seleniumhq\selenium\selenium-api\4.25.0\selenium-api-4.25.0.jar;C:\Users\Punyt\.m2\repository\org\jspecify\jspecify\1.0.0\jspecify-1.0.0.jar;C:\Users\Punyt\.m2\repository\org\seleniumhq\selenium\selenium-chrome-driver\4.25.0\selenium-chrome-driver-4.25.0.jar;C:\Users\Punyt\.m2\repository\com\google\auto\service\auto-service-annotations\1.1.1\auto-service-annotations-1.1.1.jar;C:\Users\Punyt\.m2\repository\org\seleniumhq\selenium\selenium-chromium-driver\4.25.0\selenium-chromium-driver-4.25.0.jar;C:\Users\Punyt\.m2\repository\org\seleniumhq\selenium\selenium-json\4.25.0\selenium-json-4.25.0.jar;C:\Users\Punyt\.m2\repository\org\seleniumhq\selenium\selenium-manager\4.25.0\selenium-manager-4.25.0.jar;C:\Users\Punyt\.m2\repository\org\seleniumhq\selenium\selenium-devtools-v127\4.25.0\selenium-devtools-v127-4.25.0.jar;C:\Users\Punyt\.m2\repository\org\seleniumhq\selenium\selenium-devtools-v128\4.25.0\selenium-devtools-v128-4.25.0.jar;C:\Users\Punyt\.m2\repository\org\seleniumhq\selenium\selenium-devtools-v129\4.25.0\selenium-devtools-v129-4.25.0.jar;C:\Users\Punyt\.m2\repository\org\seleniumhq\selenium\selenium-devtools-v85\4.25.0\selenium-devtools-v85-4.25.0.jar;C:\Users\Punyt\.m2\repository\org\seleniumhq\selenium\selenium-edge-driver\4.25.0\selenium-edge-driver-4.25.0.jar;C:\Users\Punyt\.m2\repository\org\seleniumhq\selenium\selenium-firefox-driver\4.25.0\selenium-firefox-driver-4.25.0.jar;C:\Users\Punyt\.m2\repository\org\seleniumhq\selenium\selenium-http\4.25.0\selenium-http-4.25.0.jar;C:\Users\Punyt\.m2\repository\dev\failsafe\failsafe\3.3.2\failsafe-3.3.2.jar;C:\Users\Punyt\.m2\repository\org\seleniumhq\selenium\selenium-ie-driver\4.25.0\selenium-ie-driver-4.25.0.jar;C:\Users\Punyt\.m2\repository\org\seleniumhq\selenium\selenium-remote-driver\4.25.0\selenium-remote-driver-4.25.0.jar;C:\Users\Punyt\.m2\repository\io\opentelemetry\semconv\opentelemetry-semconv\1.25.0-alpha\opentelemetry-semconv-1.25.0-alpha.jar;C:\Users\Punyt\.m2\repository\io\opentelemetry\opentelemetry-api\1.43.0\opentelemetry-api-1.43.0.jar;C:\Users\Punyt\.m2\repository\io\opentelemetry\opentelemetry-context\1.43.0\opentelemetry-context-1.43.0.jar;C:\Users\Punyt\.m2\repository\io\opentelemetry\opentelemetry-exporter-logging\1.43.0\opentelemetry-exporter-logging-1.43.0.jar;C:\Users\Punyt\.m2\repository\io\opentelemetry\opentelemetry-sdk-common\1.43.0\opentelemetry-sdk-common-1.43.0.jar;C:\Users\Punyt\.m2\repository\io\opentelemetry\opentelemetry-sdk-extension-autoconfigure-spi\1.43.0\opentelemetry-sdk-extension-autoconfigure-spi-1.43.0.jar;C:\Users\Punyt\.m2\repository\io\opentelemetry\opentelemetry-sdk-extension-autoconfigure\1.43.0\opentelemetry-sdk-extension-autoconfigure-1.43.0.jar;C:\Users\Punyt\.m2\repository\io\opentelemetry\opentelemetry-api-incubator\1.43.0-alpha\opentelemetry-api-incubator-1.43.0-alpha.jar;C:\Users\Punyt\.m2\repository\io\opentelemetry\opentelemetry-sdk-trace\1.43.0\opentelemetry-sdk-trace-1.43.0.jar;C:\Users\Punyt\.m2\repository\io\opentelemetry\opentelemetry-sdk\1.43.0\opentelemetry-sdk-1.43.0.jar;C:\Users\Punyt\.m2\repository\io\opentelemetry\opentelemetry-sdk-metrics\1.43.0\opentelemetry-sdk-metrics-1.43.0.jar;C:\Users\Punyt\.m2\repository\io\opentelemetry\opentelemetry-sdk-logs\1.43.0\opentelemetry-sdk-logs-1.43.0.jar;C:\Users\Punyt\.m2\repository\org\seleniumhq\selenium\selenium-os\4.25.0\selenium-os-4.25.0.jar;C:\Users\Punyt\.m2\repository\org\apache\commons\commons-exec\1.4.0\commons-exec-1.4.0.jar;C:\Users\Punyt\.m2\repository\org\seleniumhq\selenium\selenium-safari-driver\4.25.0\selenium-safari-driver-4.25.0.jar;C:\Users\Punyt\.m2\repository\org\seleniumhq\selenium\selenium-support\4.25.0\selenium-support-4.25.0.jar;C:\Users\Punyt\.m2\repository\org\springframework\boot\spring-boot-starter-security\3.4.3\spring-boot-starter-security-3.4.3.jar;C:\Users\Punyt\.m2\repository\org\springframework\spring-aop\6.2.3\spring-aop-6.2.3.jar;C:\Users\Punyt\.m2\repository\org\springframework\security\spring-security-config\6.4.3\spring-security-config-6.4.3.jar;C:\Users\Punyt\.m2\repository\org\springframework\security\spring-security-web\6.4.3\spring-security-web-6.4.3.jar;C:\Users\Punyt\.m2\repository\org\springframework\security\spring-security-core\6.4.3\spring-security-core-6.4.3.jar;C:\Users\Punyt\.m2\repository\org\springframework\security\spring-security-crypto\6.4.3\spring-security-crypto-6.4.3.jar;C:\Users\Punyt\.m2\repository\org\thymeleaf\extras\thymeleaf-extras-springsecurity6\3.1.3.RELEASE\thymeleaf-extras-springsecurity6-3.1.3.RELEASE.jar;C:\Users\Punyt\.m2\repository\com\google\api-client\google-api-client\2.7.0\google-api-client-2.7.0.jar;C:\Users\Punyt\.m2\repository\commons-codec\commons-codec\1.17.2\commons-codec-1.17.2.jar;C:\Users\Punyt\.m2\repository\com\google\oauth-client\google-oauth-client\1.36.0\google-oauth-client-1.36.0.jar;C:\Users\Punyt\.m2\repository\com\google\auth\google-auth-library-credentials\1.23.0\google-auth-library-credentials-1.23.0.jar;C:\Users\Punyt\.m2\repository\com\google\auth\google-auth-library-oauth2-http\1.23.0\google-auth-library-oauth2-http-1.23.0.jar;C:\Users\Punyt\.m2\repository\com\google\auto\value\auto-value-annotations\1.10.4\auto-value-annotations-1.10.4.jar;C:\Users\Punyt\.m2\repository\com\google\code\findbugs\jsr305\3.0.2\jsr305-3.0.2.jar;C:\Users\Punyt\.m2\repository\com\google\errorprone\error_prone_annotations\2.18.0\error_prone_annotations-2.18.0.jar;C:\Users\Punyt\.m2\repository\com\google\http-client\google-http-client-gson\1.45.0\google-http-client-gson-1.45.0.jar;C:\Users\Punyt\.m2\repository\com\google\code\gson\gson\2.11.0\gson-2.11.0.jar;C:\Users\Punyt\.m2\repository\com\google\guava\guava\33.1.0-jre\guava-33.1.0-jre.jar;C:\Users\Punyt\.m2\repository\com\google\guava\failureaccess\1.0.2\failureaccess-1.0.2.jar;C:\Users\Punyt\.m2\repository\com\google\guava\listenablefuture\9999.0-empty-to-avoid-conflict-with-guava\listenablefuture-9999.0-empty-to-avoid-conflict-with-guava.jar;C:\Users\Punyt\.m2\repository\org\checkerframework\checker-qual\3.42.0\checker-qual-3.42.0.jar;C:\Users\Punyt\.m2\repository\com\google\j2objc\j2objc-annotations\3.0.0\j2objc-annotations-3.0.0.jar;C:\Users\Punyt\.m2\repository\com\google\http-client\google-http-client-apache-v2\1.45.0\google-http-client-apache-v2-1.45.0.jar;C:\Users\Punyt\.m2\repository\org\apache\httpcomponents\httpcore\4.4.16\httpcore-4.4.16.jar;C:\Users\Punyt\.m2\repository\org\apache\httpcomponents\httpclient\4.5.14\httpclient-4.5.14.jar;C:\Users\Punyt\.m2\repository\commons-logging\commons-logging\1.2\commons-logging-1.2.jar;C:\Users\Punyt\.m2\repository\com\google\http-client\google-http-client\1.45.0\google-http-client-1.45.0.jar;C:\Users\Punyt\.m2\repository\io\grpc\grpc-context\1.66.0\grpc-context-1.66.0.jar;C:\Users\Punyt\.m2\repository\io\grpc\grpc-api\1.66.0\grpc-api-1.66.0.jar;C:\Users\Punyt\.m2\repository\io\opencensus\opencensus-api\0.31.1\opencensus-api-0.31.1.jar;C:\Users\Punyt\.m2\repository\io\opencensus\opencensus-contrib-http-util\0.31.1\opencensus-contrib-http-util-0.31.1.jar;C:\Users\Punyt\.m2\repository\org\springframework\boot\spring-boot-starter-oauth2-client\3.4.3\spring-boot-starter-oauth2-client-3.4.3.jar;C:\Users\Punyt\.m2\repository\org\springframework\security\spring-security-oauth2-client\6.4.3\spring-security-oauth2-client-6.4.3.jar;C:\Users\Punyt\.m2\repository\org\springframework\security\spring-security-oauth2-core\6.4.3\spring-security-oauth2-core-6.4.3.jar;C:\Users\Punyt\.m2\repository\com\nimbusds\oauth2-oidc-sdk\9.43.6\oauth2-oidc-sdk-9.43.6.jar;C:\Users\Punyt\.m2\repository\com\github\stephenc\jcip\jcip-annotations\1.0-1\jcip-annotations-1.0-1.jar;C:\Users\Punyt\.m2\repository\com\nimbusds\content-type\2.2\content-type-2.2.jar;C:\Users\Punyt\.m2\repository\com\nimbusds\lang-tag\1.7\lang-tag-1.7.jar;C:\Users\Punyt\.m2\repository\org\springframework\security\spring-security-oauth2-jose\6.4.3\spring-security-oauth2-jose-6.4.3.jar;C:\Users\Punyt\.m2\repository\com\nimbusds\nimbus-jose-jwt\9.37.3\nimbus-jose-jwt-9.37.3.jar
Launcher Type: SUN_STANDARD

[Global flags]
     intx CICompilerCount                          = 4                                         {product} {ergonomic}
     uint ConcGCThreads                            = 3                                         {product} {ergonomic}
     uint G1ConcRefinementThreads                  = 10                                        {product} {ergonomic}
   size_t G1HeapRegionSize                         = 2097152                                   {product} {ergonomic}
   size_t InitialHeapSize                          = 266338304                                 {product} {ergonomic}
     bool ManagementServer                         = true                                      {product} {command line}
   size_t MarkStackSize                            = 4194304                                   {product} {ergonomic}
   size_t MarkStackSizeMax                         = 536870912                                 {product} {ergonomic}
   size_t MaxHeapSize                              = 4255121408                                {product} {ergonomic}
   size_t MaxNewSize                               = 2552233984                                {product} {ergonomic}
   size_t MinHeapDeltaBytes                        = 2097152                                   {product} {ergonomic}
   size_t MinHeapSize                              = 8388608                                   {product} {ergonomic}
    uintx NonNMethodCodeHeapSize                   = 4096                                   {pd product} {ergonomic}
    uintx NonProfiledCodeHeapSize                  = 0                                      {pd product} {ergonomic}
     bool ProfileInterpreter                       = false                                  {pd product} {command line}
    uintx ProfiledCodeHeapSize                     = 0                                      {pd product} {ergonomic}
   size_t SoftMaxHeapSize                          = 4255121408                             {manageable} {ergonomic}
     intx TieredStopAtLevel                        = 1                                         {product} {command line}
     bool UseCompressedOops                        = true                           {product lp64_product} {ergonomic}
     bool UseG1GC                                  = true                                      {product} {ergonomic}
     bool UseLargePagesIndividualAllocation        = false                                  {pd product} {ergonomic}

Logging:
Log output configuration:
 #0: stdout all=warning uptime,level,tags foldmultilines=false
 #1: stderr all=off uptime,level,tags foldmultilines=false

Environment Variables:
PATH=C:\Program Files (x86)\Razer Chroma SDK\bin;C:\Program Files\Razer Chroma SDK\bin;C:\Program Files (x86)\Razer\ChromaBroadcast\bin;C:\Program Files\Razer\ChromaBroadcast\bin;C:\Windows\system32;C:\Windows;C:\Windows\System32\Wbem;C:\Windows\System32\WindowsPowerShell\v1.0\;C:\Windows\System32\OpenSSH\;C:\Windows\system32\config\systemprofile\AppData\Local\Microsoft\WindowsApps;C:\Program Files\NVIDIA Corporation\NVIDIA NvDLISR;C:\Program Files (x86)\Microsoft SQL Server\160\DTS\Binn\;C:\Program Files (x86)\Microsoft SQL Server\160\Tools\Binn\;C:\Program Files\Microsoft SQL Server\160\Tools\Binn\;C:\Program Files\Microsoft SQL Server\Client SDK\ODBC\170\Tools\Binn\;C:\Program Files\Microsoft SQL Server\160\DTS\Binn\;C:\Program Files\nodejs\;C:\Program Files\Git\cmd;C:\Users\Punyt\AppData\Local\Microsoft\WindowsApps;E:\Software\Microsoft VS Code\bin;E:\Software\JetBrains\IntelliJ IDEA 2024.2.4\bin;;C:\Users\Punyt\AppData\Roaming\npm
USERNAME=Punyt
OS=Windows_NT
PROCESSOR_IDENTIFIER=Intel64 Family 6 Model 158 Stepping 10, GenuineIntel
TMP=C:\Users\Punyt\AppData\Local\Temp
TEMP=C:\Users\Punyt\AppData\Local\Temp




Periodic native trim disabled

---------------  S Y S T E M  ---------------

OS:
 Windows 10 , 64 bit Build 19041 (10.0.19041.5438)
OS uptime: 8 days 14:00 hours

CPU: total 12 (initial active 12) (6 cores per cpu, 2 threads per core) family 6 model 158 stepping 10 microcode 0xb4, cx8, cmov, fxsr, ht, mmx, 3dnowpref, sse, sse2, sse3, ssse3, sse4.1, sse4.2, popcnt, lzcnt, tsc, tscinvbit, avx, avx2, aes, erms, clmul, bmi1, bmi2, adx, fma, vzeroupper, clflush, clflushopt, rdtscp, f16c
Processor Information for the first 12 processors :
  Max Mhz: 2592, Current Mhz: 2592, Mhz Limit: 2592

Memory: 4k page, system-wide physical 16228M (735M free)
TotalPageFile size 65380M (AvailPageFile size 2M)
current process WorkingSet (physical memory assigned to process): 222M, peak: 222M
current process commit charge ("private bytes"): 273M, peak: 392M

vm_info: OpenJDK 64-Bit Server VM (23.0.1+11-39) for windows-amd64 JRE (23.0.1+11-39), built on 2024-09-30T07:20:43Z with MS VC++ 17.6 (VS2022)

END.
